title,url,source,growth_potential,recession_resistance,automation_resistance,skill_accessibility,cross_industry_collaboration
"I’m going to halve my publication output. You should consider slow science, too",https://www.nature.com/articles/d41586-025-04061-w,www.nature.com,6.45,6.72,6.07,4.9,6.03
‘Greed is the iron cage of our times’ — why nationalism is here to stay,https://www.nature.com/articles/d41586-026-00186-8,www.nature.com,6.73,6.52,5.37,4.33,7.43
Little red dots as young supermassive black holes in dense ionized cocoons - Nature,https://www.nature.com/articles/s41586-025-09900-4,www.nature.com,6.41,6.08,5.64,4.71,5.62
A ‘time capsule’ for cells stores the secret experiences of their past,https://www.nature.com/articles/d41586-026-00116-8,www.nature.com,7.11,7.06,5.71,5.58,7.71
Daily briefing: Symbols on ancient pottery could be earliest evidence of mathematics,https://www.nature.com/articles/d41586-026-00201-y,www.nature.com,6.66,6.3,6.29,5.51,7.12
Can ‘toxic masculinity’ be measured? Scientists try to quantify controversial term,https://www.nature.com/articles/d41586-026-00144-4,www.nature.com,7.36,6.49,6.03,5.66,7.39
Forget formalism: mathematics was built on infighting and emotional turmoil,https://www.nature.com/articles/d41586-026-00187-7,www.nature.com,7.18,7.35,5.58,4.65,5.57
What happens if fewer children get vaccinated? Japan holds lessons for US,https://www.nature.com/articles/d41586-026-00146-2,www.nature.com,6.97,7.57,5.34,4.74,7.47
Making progress on global health will need high-quality evidence,https://www.nature.com/articles/d41586-026-00073-2,www.nature.com,7.04,7.65,6.28,4.23,7.71
Humanoid robots step up their game: how useful are the latest droids?,https://www.nature.com/articles/d41586-026-00164-0,www.nature.com,7.17,5.11,5.82,4.33,7.59
Ageing rewires the body’s tolerance to infection,https://www.nature.com/articles/d41586-025-04091-4,www.nature.com,6.78,6.55,6.04,6.19,7.33
LLMs behaving badly: mistrained AI models quickly go off the rails,https://www.nature.com/articles/d41586-025-04090-5,www.nature.com,4.52,5.85,3.58,7.77,7.14
Predicting the fate of tropical forests under intensifying heat,https://www.nature.com/articles/d41586-025-04093-2,www.nature.com,6.3,6.85,6.44,6.23,7.23
AI tools boost individual scientists but could limit research as a whole,https://www.nature.com/articles/d41586-025-04092-3,www.nature.com,7.72,6.49,5.56,5.81,6.48
Stretchy organic LED devices with an ‘exciplex’ state are highly efficient,https://www.nature.com/articles/d41586-025-04164-4,www.nature.com,6.87,6.78,6.3,4.54,7.24
Collective intelligence for AI-assisted chemical synthesis - Nature,https://www.nature.com/articles/s41586-026-10131-4,www.nature.com,7.02,6.2,5.65,5.34,7.2
The effect of dopamine D2-like receptor blockade on human motor performance and skill acquisition - Scientific Reports,https://www.nature.com/articles/s41598-026-36241-7,www.nature.com,4.99,5.09,4.76,4.61,7.42
Study decision-making to understand how technology will affect behaviour,https://www.nature.com/articles/d41586-026-00209-4,www.nature.com,7.16,6.14,5.37,6.15,7.67
Biosensors characterize the routes taken by receptors to different active states,https://www.nature.com/articles/d41586-026-00011-2,www.nature.com,7.44,6.15,5.8,4.2,7.64
Microbiota-induced T cell plasticity enables immune-mediated tumour control - Nature,https://www.nature.com/articles/s41586-025-09913-z,www.nature.com,6.99,5.84,5.06,5.94,7.51
A cautiously optimistic view on large language model use against linguistic injustice in academia - Nature Machine Intelligence,https://www.nature.com/articles/s42256-025-01138-z,www.nature.com,7.22,5.86,5.55,5.45,6.27
The dynamics of state math anxiety vary by paradigm and timing during arithmetic - npj Science of Learning,https://www.nature.com/articles/s41539-025-00398-z,www.nature.com,4.81,6.06,4.74,5.17,6.05
Wafer-scale high-κ HfO2 dielectric films with sub-5-Å equivalent oxide thickness for 2D MoS2 transistors - Nature Communications,https://www.nature.com/articles/s41467-026-68584-0,www.nature.com,6.59,6.11,6.02,4.22,5.94
Mapping the effects of gender-affirming sex hormone therapy - Nature Medicine,https://www.nature.com/articles/s41591-025-04146-z,www.nature.com,7.47,6.01,5.69,4.76,7.41
Coral tissue depth reconstructed using skeletal microstructural offsets is driven by environmental stress - Communications Earth & Environment,https://www.nature.com/articles/s43247-025-03114-2,www.nature.com,5.23,7.07,5.01,5.79,7.13
Plan meta-objective for sub-micron quantitative phase imaging - Light: Science & Applications,https://www.nature.com/articles/s41377-025-02099-z,www.nature.com,6.92,6.18,5.5,5.59,7.26
Neuroscientists must not be afraid to study religion,https://www.nature.com/articles/d41586-024-02153-7,www.nature.com,7.16,6.99,5.5,3.82,7.84
Evaluation of immuno-oncologic biomarkers and β-catenin expression in response of hepatocellular carcinomas to immunotherapy - npj Precision Oncology,https://www.nature.com/articles/s41698-026-01275-7,www.nature.com,5.28,7.17,4.56,4.59,7.54
The influence of study area selection and landslide inventory practices on landslides spatial distribution: an example from Northern Morocco - Scientific Reports,https://www.nature.com/articles/s41598-026-36587-y,www.nature.com,6.3,6.75,5.74,5.48,7.19
Influence of objective and perceived exposures to urban nature on people’s happiness - npj Urban Sustainability,https://www.nature.com/articles/s42949-025-00306-9,www.nature.com,7.02,6.57,6.42,5.66,7.02
"To improve resilience to climate change, track what endures",https://www.nature.com/articles/d41586-025-04122-0,www.nature.com,6.46,6.6,6.33,5.75,7.45
Bringing methylation profile scores to early life - Nature Reviews Genetics,https://www.nature.com/articles/s41576-026-00930-w,www.nature.com,5.67,6.56,4.43,5.23,7.36
Unveiling the significance of Netrin-1 and Netrin-4 in metabolic syndrome - Scientific Reports,https://www.nature.com/articles/s41598-026-36172-3,www.nature.com,6.83,6.26,5.99,5.85,7.26
A meta-analysis assessing the effectiveness of demand-side interventions for sustainable food consumption and food waste reduction - Nature Food,https://www.nature.com/articles/s43016-025-01279-9,www.nature.com,4.54,5.07,5.04,6.02,7.48
Design for end of life: how circularity can offer a different path for solar energy - Nature Reviews Methods Primers,https://www.nature.com/articles/s43586-025-00460-5,www.nature.com,6.71,7.17,6.55,4.94,6.5
Shining a light on orphan GPCRs - Nature Chemical Biology,https://www.nature.com/articles/s41589-025-02111-y,www.nature.com,5.49,6.73,4.74,5.12,7.26
Charting our forest future: national supply curves for forest-based CO₂ mitigation - npj Climate Action,https://www.nature.com/articles/s44168-026-00335-9,www.nature.com,4.8,6.54,5.29,6.13,7.01
Soft organic electrochemical neurons operating at biological speed - Nature Sensors,https://www.nature.com/articles/s44460-025-00009-9,www.nature.com,6.69,5.48,5.47,4.19,7.6
"Comment on: “Current and emerging strategies for myopia control: a narrative review of optical, pharmacological, behavioural, and adjunctive therapies” - Eye",https://www.nature.com/articles/s41433-025-04217-y,www.nature.com,6.79,6.43,5.61,6.24,7.19
Fossil-fuel phase out is not enough: countries must remove atmospheric carbon,https://www.nature.com/articles/d41586-026-00211-w,www.nature.com,6.62,6.82,6.41,4.55,6.47
The geomorphic scar of fire - Nature Geoscience,https://www.nature.com/articles/s41561-025-01890-2,www.nature.com,6.39,6.83,6.33,4.66,7.08
Prevalence of suicidal behavior in nigeria: a systematic review and meta-analysis - Scientific Reports,https://www.nature.com/articles/s41598-026-36002-6,www.nature.com,6.89,6.76,5.66,4.03,7.26
Green innovations are the best policy option for reducing greenhouse gas emissions from agrifood systems - Nature Food,https://www.nature.com/articles/s43016-025-01291-z,www.nature.com,6.56,6.4,6.28,5.63,7.22
"An everyday-task-focused, strategy-based educational program for informal dementia carers: a feasibility and pilot study - Scientific Reports",https://www.nature.com/articles/s41598-026-36887-3,www.nature.com,6.16,6.96,4.75,4.78,7.27
One year of Nature Reviews Biodiversity - Nature Reviews Biodiversity,https://www.nature.com/articles/s44358-025-00127-9,www.nature.com,6.6,6.17,6.62,4.97,7.23
Embracing a 24-hour cycle in urban governance - Nature Cities,https://www.nature.com/articles/s44284-025-00253-7,www.nature.com,4.8,6.58,5.2,6.02,7.32
Scaling to new heights: methodological insights for uplifting research on grassroots digital innovation - Humanities and Social Sciences Communications,https://www.nature.com/articles/s41599-024-04320-7,www.nature.com,7.33,6.92,6.48,4.57,7.56
Scene-level movie data from Amazon X-Ray in the US market combined with IMDb - Scientific Data,https://www.nature.com/articles/s41597-026-06602-y,www.nature.com,6.89,5.47,5.28,4.39,7.17
Response to comment on: A novel rat model for investigating erectile function after nerve-sparing radical prostatectomy - International Journal of Impotence Research,https://www.nature.com/articles/s41443-025-01222-3,www.nature.com,6.58,7.05,5.79,4.32,7.56
"A zero-shot learning framework for chilli leaf disease detection, classification and severity estimation using contrastive image text representations - Scientific Reports",https://www.nature.com/articles/s41598-025-32959-y,www.nature.com,7.36,7.35,6.92,6.35,7.57
Why culture is key to waste management - Nature Human Behaviour,https://www.nature.com/articles/s41562-025-02351-x,www.nature.com,6.81,6.26,6.54,5.03,7.36
Multiparametric MRI radiomics nomogram predicts synchronous distant metastasis in rectal cancer - Scientific Reports,https://www.nature.com/articles/s41598-026-35973-w,www.nature.com,6.65,7.07,5.66,5.38,7.42
Enhancing dietary management and nutritional analysis through deep learning: a multi-model approach for food classification and volume estimation - Scientific Reports,https://www.nature.com/articles/s41598-025-32610-w,www.nature.com,5.06,4.97,4.45,6.79,6.29
Comment on: ‘Thyroid eye disease and steroid therapy: risk stratification for bone health’ - Eye,https://www.nature.com/articles/s41433-025-04195-1,www.nature.com,5.17,6.61,4.68,4.29,7.49
Field-tailoring quantum materials via magneto-synthesis: metastable metallic and magnetically suppressed phases in a trimer iridate - npj Quantum Materials,https://www.nature.com/articles/s41535-026-00852-0,www.nature.com,6.52,6.37,5.94,5.5,5.59
The astronomical year ahead - Nature Astronomy,https://www.nature.com/articles/s41550-026-02779-9,www.nature.com,6.77,7.56,4.6,3.76,5.68
Near-100% site utilization of single atoms for efficient electrocatalysis - Nature Communications,https://www.nature.com/articles/s41467-025-67756-8,www.nature.com,6.86,6.37,6.42,5.01,7.01
Dilemmas and reflections: an observation of violent crimes among vocational school population (VSP) in China - Humanities and Social Sciences Communications,https://www.nature.com/articles/s41599-025-06407-1,www.nature.com,6.38,5.52,5.11,5.03,7.32
Related microorganisms occupy similar ecological communities - Nature Ecology & Evolution,https://www.nature.com/articles/s41559-026-02975-w,www.nature.com,6.32,6.03,4.3,6.32,7.19
Environmentally sustainable kidney care in low- and middle-income countries - Nature Reviews Nephrology,https://www.nature.com/articles/s41581-026-01051-7,www.nature.com,6.9,7.27,5.53,5.16,7.41
Exploring and visualizing stratified GWAS results with PheWeb2 - Nature Genetics,https://www.nature.com/articles/s41588-025-02469-8,www.nature.com,5.25,6.58,4.48,5.29,6.33
Social change in science and the courtroom - Nature Reviews Psychology,https://www.nature.com/articles/s44159-025-00522-1,www.nature.com,6.63,6.81,5.44,5.9,5.8
Taming polyiodide flow with electroactive mediators - Nature Chemistry,https://www.nature.com/articles/s41557-025-02059-5,www.nature.com,7.57,6.99,5.95,4.3,7.61
Why 50-year studies are needed in a 3-year-grant world - Nature Reviews Biodiversity,https://www.nature.com/articles/s44358-026-00129-1,www.nature.com,6.14,6.64,5.71,6.47,7.19
Novel insights into chronic HBV infection - Nature Reviews Gastroenterology & Hepatology,https://www.nature.com/articles/s41575-025-01163-8,www.nature.com,6.88,6.59,5.71,5.65,7.13
A monolithic three-dimensional integrated red micro-LED display on silicon using AlInP/GaInP epilayers - Nature Electronics,https://www.nature.com/articles/s41928-025-01546-4,www.nature.com,7.23,6.82,6.59,4.59,5.65
Response to ‘Towards an individualized strategy in perioperative chemotherapy for pancreatic cancer’ - British Journal of Cancer,https://www.nature.com/articles/s41416-025-03294-w,www.nature.com,5.81,6.15,4.41,4.34,7.29
A demographic comparison of NASA astronauts and commercial spaceflight participants - npj Microgravity,https://www.nature.com/articles/s41526-025-00559-9,www.nature.com,5.4,6.94,5.37,4.7,7.51
NASA won’t bring Mars samples back to Earth: this is the science that will be lost,https://www.nature.com/articles/d41586-026-00060-7,www.nature.com,6.45,6.79,5.58,5.81,6.15
Xylosyltransferase engineering to manipulate proteoglycans in mammalian cells - Nature Chemical Biology,https://www.nature.com/articles/s41589-025-02113-w,www.nature.com,6.7,6.81,6.02,4.25,7.17
Interaction mechanisms between liquid organic matter and solid bitumen - Scientific Reports,https://www.nature.com/articles/s41598-026-36636-6,www.nature.com,7.03,6.09,6.42,4.13,6.07
Multidimensional determinants of generative AI acceptance in foreign language education - Scientific Reports,https://www.nature.com/articles/s41598-026-36700-1,www.nature.com,7.25,6.32,5.32,5.17,6.16
Magnetism adds a dimension to ammonia oxidation electrocatalysts - Nature Chemistry,https://www.nature.com/articles/s41557-025-02058-6,www.nature.com,7.05,6.67,5.56,4.06,7.15
"Cost-effectiveness of lung cancer screening: insights from risk stratification, guidelines, and emerging technologies—a systematic review - npj Primary Care Respiratory Medicine",https://www.nature.com/articles/s41533-026-00482-w,www.nature.com,7.6,6.98,5.16,3.98,7.34
Fibrous-layer periosteal stem cells sensing injury-induced inflammation - Cell Research,https://www.nature.com/articles/s41422-025-01210-8,www.nature.com,6.74,6.68,6.13,4.23,7.16
Integrated hydrogel microneedle aptamer sensor for wearable insulin monitoring - Nature Reviews Bioengineering,https://www.nature.com/articles/s44222-025-00394-3,www.nature.com,7.58,6.46,5.47,4.33,7.43
Irrigation increased historical land surface and groundwater loss - Nature Water,https://www.nature.com/articles/s44221-025-00560-2,www.nature.com,6.15,6.36,5.6,4.82,6.75
The promises and perils of crime prediction - Nature Human Behaviour,https://www.nature.com/articles/s41562-022-01373-z,www.nature.com,6.7,5.99,5.05,4.74,6.86
Beyond neurons: astrocytic ensembles stabilize memories after recall - Signal Transduction and Targeted Therapy,https://www.nature.com/articles/s41392-025-02537-9,www.nature.com,7.02,6.45,5.05,4.88,7.8
Expression of sphingosine-1-phosphate receptor 1 in the brain of fatal cerebral malaria - Scientific Reports,https://www.nature.com/articles/s41598-026-36072-6,www.nature.com,6.37,6.72,4.71,6.16,7.2
Supervision of not-for-profit minority institutional shareholder and total factor productivity of listed companies: evidence from China - Humanities and Social Sciences Communications,https://www.nature.com/articles/s41599-025-06469-1,www.nature.com,6.59,5.58,5.88,4.62,7.1
Frequent and clinically relevant germline DNA repair gene variants in young and familial myeloproliferative neoplasms - Blood Cancer Journal,https://www.nature.com/articles/s41408-025-01433-3,www.nature.com,6.34,6.91,4.87,5.45,7.43
Combating cyberbullying with transparency: unveiling the impact of IP location disclosure on cyberbullying in Chinese social media - Scientific Reports,https://www.nature.com/articles/s41598-025-29047-6,www.nature.com,6.9,6.15,6.38,6.19,7.06
The high cost of importing green hydrogen from Africa to Europe - Nature Energy,https://www.nature.com/articles/s41560-025-01775-z,www.nature.com,6.52,6.87,5.46,4.68,7.5
"Pan-disease dimensions in the brain, eye and heart capture shared and specific heterogeneity - Nature Mental Health",https://www.nature.com/articles/s44220-025-00566-5,www.nature.com,7.27,6.3,5.47,4.09,7.75
"The High Seas Treaty spells hope for the ocean, but only if it is powered by science - Nature Reviews Biodiversity",https://www.nature.com/articles/s44358-025-00124-y,www.nature.com,6.72,6.56,5.32,4.58,7.32
"Improving TNASCI: addressing classification accuracy, autonomic function, and psychological well-being in SCI - Spinal Cord",https://www.nature.com/articles/s41393-025-01153-2,www.nature.com,6.85,5.49,5.2,4.48,7.17
Engineered living glues secrete therapeutic proteins for treatment of inflammatory bowel disease - Nature Biotechnology,https://www.nature.com/articles/s41587-025-02970-9,www.nature.com,6.89,7.1,5.32,4.37,6.09
The dawn of ‘off-the-shelf’ B cell-depleting therapies for autoimmune diseases - Nature Reviews Rheumatology,https://www.nature.com/articles/s41584-025-01343-5,www.nature.com,6.96,6.75,6.49,4.27,6.05
Can’t get motivated? This brain circuit might explain why — and it can be turned off,https://www.nature.com/articles/d41586-026-00062-5,www.nature.com,6.54,5.99,4.95,6.2,7.37
Mitoxyperilysis as a distinct cell death type - Nature Cell Biology,https://www.nature.com/articles/s41556-025-01861-0,www.nature.com,6.65,6.76,5.88,4.28,6.14
Better models are needed to gauge the ecological impacts of reservoirs,https://www.nature.com/articles/d41586-025-04000-9,www.nature.com,6.9,6.59,5.71,4.66,7.67
Targeting epigenetic readers - Nature Chemical Biology,https://www.nature.com/articles/s41589-025-02130-9,www.nature.com,6.78,6.19,4.69,4.5,7.61
Paradoxes of the antibiotic pipeline - Humanities and Social Sciences Communications,https://www.nature.com/articles/s41599-024-03211-1,www.nature.com,7.58,6.1,5.68,4.21,7.68
Cytoskeleton reorganization induced by a novel K6-K14 keratin fusion promotes cancer stemness and cellular plasticity via cGAS-STING selection - Oncogenesis,https://www.nature.com/articles/s41389-026-00598-1,www.nature.com,5.05,6.58,5.29,4.38,7.34
Quantifying women’s water polo overhead movement volumes using inertial measurement units and machine learning techniques: a cross-sectional study - Scientific Reports,https://www.nature.com/articles/s41598-026-36402-8,www.nature.com,6.74,6.39,5.09,4.68,7.19
Inclusive finance development and intergenerational income mobility: evidence from China - Humanities and Social Sciences Communications,https://www.nature.com/articles/s41599-025-06483-3,www.nature.com,6.99,7.21,6.31,4.82,6.68
The North-Eastern Europe and Northern Asia isotopic dataset of bioarchaeological samples (NEENA) - Scientific Data,https://www.nature.com/articles/s41597-025-06477-5,www.nature.com,4.92,6.46,5.02,5.42,7.1
Spatial correlation network and driving factors of inter-provincial financial risk in China - Humanities and Social Sciences Communications,https://www.nature.com/articles/s41599-025-06430-2,www.nature.com,6.37,7.28,4.57,4.94,6.03
A call to re-collectivize science and make it more equitable - npj Biodiversity,https://www.nature.com/articles/s44185-025-00115-4,www.nature.com,7.32,6.51,6.35,4.51,6.18
Dissecting how morphogens shape cell fates in human neural organoids - Nature Methods,https://www.nature.com/articles/s41592-025-02959-x,www.nature.com,4.84,5.91,4.3,4.75,7.31
A project-level dataset of Chinese Belt and Road energy investments 2013–2023 - Scientific Data,https://www.nature.com/articles/s41597-025-06487-3,www.nature.com,4.71,6.53,5.2,4.66,7.03
Working together: a multi-component intranasal vaccine provides synergistic protection against COVID-19 - Signal Transduction and Targeted Therapy,https://www.nature.com/articles/s41392-025-02508-0,www.nature.com,6.85,7.26,5.52,4.38,7.42
Advances in understanding preclinical rheumatoid arthritis and prospects for prevention - Nature Reviews Rheumatology,https://www.nature.com/articles/s41584-025-01342-6,www.nature.com,6.98,5.4,5.38,4.15,7.39
Chemosensory response to Pt-based chemotherapeutics via bitter taste receptors in vitro reveals a new mechanism for bitter taste disorders - Scientific Reports,https://www.nature.com/articles/s41598-026-35636-w,www.nature.com,6.35,5.79,4.63,3.91,7.14
Why water security matters to cities under extreme heat in the Global North - npj Urban Sustainability,https://www.nature.com/articles/s42949-025-00317-6,www.nature.com,6.56,7.2,6.1,5.24,6.0
Large Language Models in Legal Systems: A Survey - Humanities and Social Sciences Communications,https://www.nature.com/articles/s41599-025-05924-3,www.nature.com,6.59,5.52,4.31,7.03,6.17
The behavioral dimension of transport decarbonization - npj Sustainable Mobility and Transport,https://www.nature.com/articles/s44333-025-00075-z,www.nature.com,7.04,6.66,6.39,5.61,7.4
Zika immune imprint risks dengue - Nature Immunology,https://www.nature.com/articles/s41590-025-02365-7,www.nature.com,6.7,6.44,4.98,4.95,7.43
Engineering energy-efficient Saccharomyces cerevisiae for methanol and CO2 assimilation - Nature Communications,https://www.nature.com/articles/s41467-026-68516-y,www.nature.com,6.45,6.71,5.33,4.73,7.04
A ‘time capsule’ for cells stores the secret experiences of their past,https://www.nature.com/articles/d41586-026-00116-8,www.nature.com,7.11,7.06,5.71,5.58,7.71
The impact of urine output trajectory on clinical outcomes in female patients with genitourinary infections in the intensive care unit - Scientific Reports,https://www.nature.com/articles/s41598-026-35926-3,www.nature.com,7.09,6.56,5.73,5.6,7.5
"Chromosome-level genome assembly of a Chinese evergreen sweetgum (Liquidambar gracilipes, Altingiaceae) - Scientific Data",https://www.nature.com/articles/s41597-025-06201-3,www.nature.com,6.49,6.8,5.44,4.97,7.39
The poetic life and death of a glow-worm,https://www.nature.com/articles/d41586-025-03990-w,www.nature.com,6.59,6.3,5.78,6.56,7.68
Understanding phenomenological experiences of autistic inertia using online community discourse - Communications Psychology,https://www.nature.com/articles/s44271-025-00386-4,www.nature.com,6.91,6.1,5.76,4.48,7.43
Activating modern industrial heritage conservation. The revitalization of Toppila Silo in the perspective of Alvar Aalto’s architecture - Humanities and Social Sciences Communications,https://www.nature.com/articles/s41599-026-06493-9,www.nature.com,6.57,6.09,6.27,5.84,7.22
Implications of Australia’s under-16 social media ban - Nature Human Behaviour,https://www.nature.com/articles/s41562-025-02378-0,www.nature.com,6.81,6.06,5.47,5.82,7.13
Perceptions of city foodscapes - Nature Cities,https://www.nature.com/articles/s44284-025-00200-6,www.nature.com,6.21,4.72,6.03,4.62,7.22
"Imputations, inverse hyperbolic sines and impossible values - Nature Human Behaviour",https://www.nature.com/articles/s41562-025-02347-7,www.nature.com,6.51,6.46,5.46,4.72,7.15
The npj Digital Medicine Editorial Fellowship - npj Digital Medicine,https://www.nature.com/articles/s41746-025-02136-6,www.nature.com,7.26,7.86,5.29,4.41,7.68
Linguistic pitch is hierarchically encoded in the right ventral stream - Communications Biology,https://www.nature.com/articles/s42003-026-09545-7,www.nature.com,5.0,6.11,4.94,4.93,5.82
Exploring the relationship between caring ability and moral awareness among nurses with a gender perspective: implications for psychologists and social workers in healthcare ethics and social practice - Humanities and Social Sciences Communications,https://www.nature.com/articles/s41599-026-06502-x,www.nature.com,7.59,6.47,4.79,4.87,7.37
Balancing exploration-exploitation renewal and Indonesian firm performance: do CEO power and TMT diversity matter? - Humanities and Social Sciences Communications,https://www.nature.com/articles/s41599-025-06139-2,www.nature.com,6.87,6.77,6.45,4.61,7.47
A multimodal dataset of causal mechanisms in materials science literature - Scientific Data,https://www.nature.com/articles/s41597-026-06598-5,www.nature.com,6.66,6.17,4.86,6.13,7.35
Gz and β-arrestin 1 signaling in the μ-opioid receptor - Cell Research,https://www.nature.com/articles/s41422-025-01214-4,www.nature.com,6.8,6.44,6.18,3.99,7.54
Variability as a new discovery channel for intermediate-mass black holes in the time-domain era - Nature Astronomy,https://www.nature.com/articles/s41550-025-02759-5,www.nature.com,4.26,6.56,4.25,6.46,5.91
Can ‘toxic masculinity’ be measured? Scientists try to quantify controversial term,https://www.nature.com/articles/d41586-026-00144-4,www.nature.com,7.36,6.49,6.03,5.66,7.39
Whole-of-food system governance for transformative change - Nature Food,https://www.nature.com/articles/s43016-025-01196-x,www.nature.com,6.63,5.27,6.1,4.63,6.98
The hidden human cost of defunded LGBTQIA+ health research - Nature Medicine,https://www.nature.com/articles/s41591-025-03794-5,www.nature.com,7.08,7.23,6.43,4.75,7.5
Modelling behaviour in author networks with graphon mean field games - Humanities and Social Sciences Communications,https://www.nature.com/articles/s41599-025-06482-4,www.nature.com,6.88,6.86,5.66,4.94,6.11
The CL1 as a platform technology to leverage biological neural system functions - Nature Reviews Bioengineering,https://www.nature.com/articles/s44222-025-00340-3,www.nature.com,5.46,6.46,5.27,4.39,7.62
Measuring bacterial killing to predict antibiotic treatment outcomes - Nature Microbiology,https://www.nature.com/articles/s41564-025-02251-w,www.nature.com,6.59,5.43,5.23,4.18,7.59
Integrating hypsography for large-scale lake analysis - Nature Water,https://www.nature.com/articles/s44221-025-00457-0,www.nature.com,6.29,6.89,5.6,5.7,7.27
An alternate chapter in magnetism - Nature Physics,https://www.nature.com/articles/s41567-025-03149-4,www.nature.com,6.79,6.85,5.75,4.22,5.66
Discretionary foods have notable environmental and expenditure relevance across meat and plant protein preferences - npj Science of Food,https://www.nature.com/articles/s41538-026-00721-x,www.nature.com,4.71,4.8,4.81,4.95,6.48
A molecular glue halts RAS–MAPK signaling - Nature Cancer,https://www.nature.com/articles/s43018-025-01052-8,www.nature.com,6.87,7.0,5.22,3.84,7.73
Enhanced crosstalk between α- and δ-cells promotes recurrent hypoglycaemia - Nature Metabolism,https://www.nature.com/articles/s42255-025-01423-6,www.nature.com,4.86,6.74,5.24,6.53,7.49
The emergence of polarised groups through source filtering - Humanities and Social Sciences Communications,https://www.nature.com/articles/s41599-025-06419-x,www.nature.com,7.31,6.54,5.86,4.35,5.92
"Relationship between pelvic incidence and hip, pelvic, and lumbar motion during squatting in healthy individuals with high and low pelvic incidence - Scientific Reports",https://www.nature.com/articles/s41598-026-36815-5,www.nature.com,6.31,6.73,6.39,4.06,7.14
Technical modifications to improve erectile function recovery after radical prostatectomy - Nature Reviews Urology,https://www.nature.com/articles/s41585-025-01115-6,www.nature.com,6.54,6.31,5.65,4.42,7.35
Drivers of same same-sex sexual behaviour - Nature Ecology & Evolution,https://www.nature.com/articles/s41559-025-02940-z,www.nature.com,7.04,6.48,5.73,5.01,7.55
Why design choices matter in recommender systems - Nature Machine Intelligence,https://www.nature.com/articles/s42256-025-01043-5,www.nature.com,6.56,5.35,5.3,4.25,6.06
Time-resolved cortisol monitoring with skin-interfaced wearable sensors - Nature Sensors,https://www.nature.com/articles/s44460-025-00008-w,www.nature.com,6.67,7.11,5.38,5.16,7.47
Mapping cell–cell communication networks onto cell-state transition trajectories via a dynamic model - Nature Computational Science,https://www.nature.com/articles/s43588-025-00947-x,www.nature.com,6.67,6.92,5.29,5.8,7.33
Exploring the operational performance of Indian smes: an integrated PLS-SEM and NCA approach - Scientific Reports,https://www.nature.com/articles/s41598-025-26806-3,www.nature.com,5.77,5.8,5.49,5.15,5.36
Dietary fibre as an essential nutrient - Nature Food,https://www.nature.com/articles/s43016-025-01282-0,www.nature.com,6.41,5.34,5.67,4.63,7.31
Cultural diversity through the lenses of ecology - Nature Computational Science,https://www.nature.com/articles/s43588-022-00224-1,www.nature.com,6.46,6.61,5.71,6.08,7.2
Automated satellite-based glacial lake inventory and change detection in High Mountain Asia - Scientific Reports,https://www.nature.com/articles/s41598-026-35446-0,www.nature.com,6.92,6.59,4.71,4.86,7.2
SWFITEM: Solar Wind Fitting for Investigations of Thermodynamics and Energetics at Mars – A MAVEN dataset - Scientific Data,https://www.nature.com/articles/s41597-025-06530-3,www.nature.com,7.09,6.61,6.2,4.91,7.0
Beyond fresh: implications of produce prescription policy for food systems transformation - npj Science of Food,https://www.nature.com/articles/s41538-025-00704-4,www.nature.com,6.26,5.14,6.61,5.44,7.37
"Order or disorder, that is the question in high-entropy alloys - Nature Reviews Materials",https://www.nature.com/articles/s41578-025-00887-y,www.nature.com,6.88,5.98,5.68,3.83,7.38
The hidden health effects of endocrine-disrupting chemicals - Nature Reviews Endocrinology,https://www.nature.com/articles/s41574-025-01222-9,www.nature.com,5.04,6.39,4.58,5.61,7.11
Oxidative uptake of Ce by oceanic ferromanganese crusts and implications for paleoredox estimates using Ce isotopes - Communications Earth & Environment,https://www.nature.com/articles/s43247-026-03196-6,www.nature.com,6.36,6.35,6.39,4.22,6.75
Reducing bulky medical images via shape-texture decoupled deep neural networks - Nature Communications,https://www.nature.com/articles/s41467-026-68292-9,www.nature.com,5.04,6.08,4.64,6.62,7.52
The relationship between emotional intelligence and work performance among palestinians’ midwives in obstetrics and gynecology departments - Scientific Reports,https://www.nature.com/articles/s41598-026-35463-z,www.nature.com,7.42,6.7,5.63,4.93,7.51
"Understanding the effects of aging on whole-body dynamic balance, trunk stability, functional mobility, and hip strength - Scientific Reports",https://www.nature.com/articles/s41598-026-35724-x,www.nature.com,6.53,7.53,6.71,4.5,7.37
Alexis Soyer’s empiricist kitchen - Nature Food,https://www.nature.com/articles/s43016-022-00681-x,www.nature.com,4.82,5.24,4.68,6.4,6.24
Progress in mechanisms and therapy for fibromyalgia - Nature Reviews Rheumatology,https://www.nature.com/articles/s41584-025-01344-4,www.nature.com,7.31,5.81,4.94,4.15,7.33
AIs are biased towards some Indian castes — how can researchers fix this?,https://www.nature.com/articles/d41586-025-04041-0,www.nature.com,7.24,6.31,5.75,5.09,6.12
From in-silico QSAR modeling to in-vitro MTT assay: experimental validation of novel uPAR leads for triple-negative breast cancer (TNBC) and skin cancer - Scientific Reports,https://www.nature.com/articles/s41598-026-36406-4,www.nature.com,6.5,6.79,4.52,5.98,7.48
Policy drivers for clean-energy technology 2025 - Nature Reviews Clean Technology,https://www.nature.com/articles/s44359-025-00137-y,www.nature.com,7.09,6.85,6.62,4.02,7.46
Engineered nanobodies facilitate cryo-EM studies of small proteins - Nature Reviews Molecular Cell Biology,https://www.nature.com/articles/s41580-025-00940-2,www.nature.com,7.22,6.77,6.12,3.69,5.93
Order and chaos in urban life - Nature Cities,https://www.nature.com/articles/s44284-025-00252-8,www.nature.com,7.02,6.16,5.95,4.26,6.97
Precision bounds for characterising quantum measurements - Nature Communications,https://www.nature.com/articles/s41467-026-68529-7,www.nature.com,6.4,5.71,6.46,4.74,6.74
Including overlooked littoral zones in lake carbon budgets can switch lakes to net carbon sinks - Nature Geoscience,https://www.nature.com/articles/s41561-025-01744-x,www.nature.com,5.09,6.4,5.29,5.76,7.12
An anniversary annum - Nature Physics,https://www.nature.com/articles/s41567-025-03152-9,www.nature.com,6.52,7.08,5.76,4.91,5.81
From rodents on the ISS to humans in commercial LEO - Nature Reviews Bioengineering,https://www.nature.com/articles/s44222-025-00383-6,www.nature.com,5.77,6.53,4.57,5.12,7.46
High-fidelity chip delayering using green (515 nm) femtosecond lasers - Scientific Reports,https://www.nature.com/articles/s41598-026-35091-7,www.nature.com,6.63,6.2,6.31,4.05,5.57
Shared universal pressures in the evolution of human languages - Nature Human Behaviour,https://www.nature.com/articles/s41562-025-02355-7,www.nature.com,6.84,6.04,5.55,4.62,5.94
The role of biodegradable plastics in the global plastic future - Nature Reviews Clean Technology,https://www.nature.com/articles/s44359-025-00142-1,www.nature.com,6.47,6.7,5.11,5.23,7.47
"Active conversion of atmospheric carbon dioxide to methane in peridotites of the Samail Ophiolite, Oman - Scientific Reports",https://www.nature.com/articles/s41598-025-34170-5,www.nature.com,6.54,6.56,5.45,5.1,5.46
Dynamical modulation of hippocampal replay through firing rate adaptation - Nature Communications,https://www.nature.com/articles/s41467-025-68042-3,www.nature.com,6.79,6.05,6.37,6.0,7.76
TET1 as a master regulator controlling GPX4-dependent and -independent ferroptosis surveillance in acute myeloid leukemia - Nature Communications,https://www.nature.com/articles/s41467-026-68509-x,www.nature.com,6.85,7.42,6.06,4.09,5.76
Evidence for Alfvén waves powering auroral arc via a static electric potential drop - Nature Communications,https://www.nature.com/articles/s41467-025-65819-4,www.nature.com,6.54,6.03,6.56,4.82,6.28
A historical approach of media development in Saudi Arabia under the cultural and religious influences - Humanities and Social Sciences Communications,https://www.nature.com/articles/s41599-025-05999-y,www.nature.com,6.72,6.63,5.66,4.78,6.92
Science decade for sustainable development - Nature Reviews Electrical Engineering,https://www.nature.com/articles/s44287-025-00249-4,www.nature.com,7.22,7.23,6.44,4.15,7.63
"Social-ecological network analysis of national park attractiveness: a case study of Baishanzu Mountain, China - Humanities and Social Sciences Communications",https://www.nature.com/articles/s41599-026-06505-8,www.nature.com,6.45,5.86,6.54,5.07,7.2
DFT study of benzothiadiazole based small molecules for high efficiency organic photovoltaics - Scientific Reports,https://www.nature.com/articles/s41598-026-35432-6,www.nature.com,6.8,7.0,6.29,4.28,7.36
Wonder and curiosity beyond the obvious—a dynamic model of bodily and verbal understandings of these phenomena - Humanities and Social Sciences Communications,https://www.nature.com/articles/s41599-025-06467-3,www.nature.com,6.62,6.44,5.69,4.5,6.48
Caution is needed when translating the carbon market logic to nature credits - Nature Food,https://www.nature.com/articles/s43016-025-01234-8,www.nature.com,6.32,5.97,6.05,4.54,7.05
US science after a year of Trump: what has been lost and what remains,https://www.nature.com/articles/d41586-026-00088-9,www.nature.com,7.79,7.11,5.61,4.63,6.29
Functional movement screen and asymmetries in female volleyball players across playing positions - Scientific Reports,https://www.nature.com/articles/s41598-026-35725-w,www.nature.com,6.2,7.24,5.98,4.5,7.07
The acceptability to patients with macular disease to have retreatment decisions being made by artificial intelligence - Eye Open,https://www.nature.com/articles/s44440-025-00011-7,www.nature.com,6.72,6.3,4.76,5.89,7.54
Forced labour in US food supply chains - Nature Food,https://www.nature.com/articles/s43016-023-00796-9,www.nature.com,6.14,5.43,6.24,4.76,7.31
Proteomic profile of faricimab-associated occlusive retinal vasculitis - Eye,https://www.nature.com/articles/s41433-025-04175-5,www.nature.com,7.0,6.78,5.63,5.0,7.34
Science and Hinduism share the vision of a quest for truth - Nature Human Behaviour,https://www.nature.com/articles/s41562-024-02055-8,www.nature.com,7.22,6.83,5.65,5.05,7.13
Plant recognition by Trichoderma Harzianum elicits upregulation of a novel secondary metabolite cluster required for colonization - Scientific Reports,https://www.nature.com/articles/s41598-025-33935-2,www.nature.com,6.8,6.34,5.71,4.61,7.28
"To gain public trust, make art central to science communication",https://www.nature.com/articles/d41586-026-00210-x,www.nature.com,7.26,6.65,5.46,4.43,7.66
Non-viral vectors as beacons of hope for reducing genotoxic risks of gene therapy - Nature Biomedical Engineering,https://www.nature.com/articles/s41551-025-01581-8,www.nature.com,7.39,7.03,5.63,4.17,7.5
Structural analysis of OCT4 binding to human LIN28B nucleosomes - Scientific Reports,https://www.nature.com/articles/s41598-026-35959-8,www.nature.com,7.1,6.31,5.42,4.23,5.81
"Electrical conductivities of (Mg,Fe)O at extreme pressures and implications for planetary magma oceans - Nature Astronomy",https://www.nature.com/articles/s41550-025-02729-x,www.nature.com,6.8,6.46,6.2,4.15,6.97
ASF1B promotes gastric cancer liver metastasis through inhibiting ZDHHC9/PCBP1/ SLC7A11 signaling axis mediated ferroptosis - npj Precision Oncology,https://www.nature.com/articles/s41698-026-01272-w,www.nature.com,5.05,6.9,4.95,4.6,5.54
Immature orangutans require cultural knowledge to develop mature diets - Nature Human Behaviour,https://www.nature.com/articles/s41562-025-02368-2,www.nature.com,6.78,5.43,5.74,5.12,6.41
"Knowledge, attitudes, and practices regarding acne among university students - Scientific Reports",https://www.nature.com/articles/s41598-025-34774-x,www.nature.com,5.31,6.92,4.57,4.99,7.38
Projections of 21st-century sea-level fall along coastal Greenland - Nature Communications,https://www.nature.com/articles/s41467-025-68182-6,www.nature.com,5.0,6.1,4.47,6.54,6.95
"In memoriam – Robert M. Bilder, Ph.D. - Neuropsychopharmacology",https://www.nature.com/articles/s41386-025-02309-7,www.nature.com,7.07,7.72,6.04,4.19,6.63
Digital divide and healthcare service utilization among older adults with chronic liver disease in China: a nationwide cross-sectional study - Scientific Reports,https://www.nature.com/articles/s41598-025-34523-0,www.nature.com,6.51,6.97,5.99,5.94,6.03
"Beyond urban and rural: exploring form, accessibility, and interconnectivity in global urban classifications - npj Urban Sustainability",https://www.nature.com/articles/s42949-025-00304-x,www.nature.com,6.81,7.04,7.08,4.44,7.29
Research on coupling coordination of new quality productive forces and innovation resource allocation based on MLP neural networks - Scientific Reports,https://www.nature.com/articles/s41598-026-36247-1,www.nature.com,7.16,6.48,6.59,4.49,7.29
EMUC25: shaping tomorrow’s uro-oncology care - Nature Reviews Urology,https://www.nature.com/articles/s41585-025-01119-2,www.nature.com,6.88,7.52,5.69,4.06,7.66
Revised estimates of CO2 sources and sinks improve global carbon accounting,https://www.nature.com/articles/d41586-025-03981-x,www.nature.com,4.95,6.39,5.52,4.94,6.16
"Climate change and AKI: heat, hazards and health-system readiness - Nature Reviews Nephrology",https://www.nature.com/articles/s41581-026-01048-2,www.nature.com,7.05,6.39,5.43,5.79,7.47
Human brain MRI data of intrathecally injected tracer evolution over 72 hours for data-integrated simulations - Scientific Data,https://www.nature.com/articles/s41597-026-06564-1,www.nature.com,6.52,6.75,5.97,4.37,7.18
Blood biomarkers reveal pathways associated with multimorbidity - Nature Medicine,https://www.nature.com/articles/s41591-025-04165-w,www.nature.com,6.83,7.26,5.99,5.81,7.73
Higgs mode-driven phase transitions in two-dimensional perovskites - Nature Materials,https://www.nature.com/articles/s41563-025-02472-8,www.nature.com,7.02,6.32,5.65,4.63,5.9
Mechanistically guided residual learning for battery state monitoring throughout life - Nature Communications,https://www.nature.com/articles/s41467-025-67565-z,www.nature.com,7.46,6.17,6.59,4.51,7.19
Getting to the (square) root of stock-market swings,https://www.nature.com/articles/d41586-026-00045-6,www.nature.com,7.0,6.57,5.19,4.74,7.27
Magma oceans could host dynamos in massive Earth-like planets - Nature Astronomy,https://www.nature.com/articles/s41550-025-02731-3,www.nature.com,6.7,6.58,5.8,4.54,5.76
Smile-shaped electron gradient distributions observed during magnetic reconnection at Earth’s magnetopause - Communications Physics,https://www.nature.com/articles/s42005-026-02489-8,www.nature.com,6.65,7.34,5.13,5.15,6.68
Translating a bioinspired polymer into a modular surgical platform - Nature Reviews Bioengineering,https://www.nature.com/articles/s44222-026-00408-8,www.nature.com,7.12,6.91,4.91,4.49,7.52
The virtual cell - Nature Methods,https://www.nature.com/articles/s41592-025-02951-5,www.nature.com,6.86,5.66,5.38,5.69,7.73
Tariffs and economic uncertainty threaten public health - Nature Human Behaviour,https://www.nature.com/articles/s41562-025-02346-8,www.nature.com,5.98,6.58,4.98,4.8,5.89
Rising lake and reservoir emissions - Nature Climate Change,https://www.nature.com/articles/s41558-025-02529-1,www.nature.com,5.11,6.45,5.29,6.4,7.46
"Talent retention in South Korean context: social support, cultural adaptation, and career opportunities discourage onward migration intentions of international students - Humanities and Social Sciences Communications",https://www.nature.com/articles/s41599-025-06463-7,www.nature.com,6.69,6.34,5.85,5.25,5.79
Ependymoglial cells are critical for cortex regeneration in axolotls - Nature Communications,https://www.nature.com/articles/s41467-026-68538-6,www.nature.com,6.76,6.44,6.33,5.78,5.84
Leveraging circular nutrients to improve the sustainability of peri-urban agriculture - npj Urban Sustainability,https://www.nature.com/articles/s42949-025-00333-6,www.nature.com,4.67,6.18,5.6,5.21,6.53
Astaxanthin improve the intestinal microbiota and metabolism after ischemic stroke - Scientific Reports,https://www.nature.com/articles/s41598-026-36735-4,www.nature.com,7.03,5.84,5.4,5.31,7.34
Predictors of vitamin D deficiency and quality of life in obese patients with obstructive sleep apnea - Scientific Reports,https://www.nature.com/articles/s41598-026-36267-x,www.nature.com,6.18,5.24,5.62,4.32,7.19
Floating science stations: my month on a research vessel looking after buoys,https://www.nature.com/articles/d41586-026-00189-5,www.nature.com,4.95,6.78,5.16,6.1,7.52
Validation of histopathology-based deep learning algorithms for detection of actionable non-small cell lung cancer biomarkers - npj Precision Oncology,https://www.nature.com/articles/s41698-025-01267-z,www.nature.com,7.83,6.43,5.81,3.8,7.45
A unified knowledge graph linking foodomics to chemical-disease networks and flavor profiles - npj Science of Food,https://www.nature.com/articles/s41538-025-00680-9,www.nature.com,6.12,5.41,4.48,5.92,6.92
The ERP characteristics in the process of hazard identification - Scientific Reports,https://www.nature.com/articles/s41598-026-35883-x,www.nature.com,6.64,6.11,6.54,4.8,7.18
Cultural diversity of religion across 117 countries - Nature Communications,https://www.nature.com/articles/s41467-025-67671-y,www.nature.com,6.88,6.38,5.07,5.21,7.2
A sustainability-oriented supply chain supplier selection framework using resilience and HSE performance metrics in the automotive industry - Scientific Reports,https://www.nature.com/articles/s41598-025-30055-9,www.nature.com,6.5,6.78,6.5,4.77,6.18
A study of mental health status and its influencing factors in normal weight obesity population - Scientific Reports,https://www.nature.com/articles/s41598-026-35897-5,www.nature.com,7.2,6.8,5.72,4.51,7.65
Prevalence and risk factors of stress urinary incontinence among female horseback riders in Poland - Scientific Reports,https://www.nature.com/articles/s41598-026-36444-y,www.nature.com,5.46,6.12,5.41,4.65,7.05
"Trajectory of stratum radiatum, lacunosum and moleculare integrity in Alzheimer’s disease continuum - Scientific Reports",https://www.nature.com/articles/s41598-026-35610-6,www.nature.com,7.07,6.63,5.36,6.35,7.09
An evaluation system for regional cultural suitability of urban cross-river bridges: insights into the liberation bridge in Tianjin - Scientific Reports,https://www.nature.com/articles/s41598-026-35225-x,www.nature.com,6.67,5.34,6.79,4.83,6.88
Highly efficient LED device built by stacking layers of light-emitting perovskite,https://www.nature.com/articles/d41586-025-04021-4,www.nature.com,6.4,6.91,6.45,4.54,5.78
Enhancing link prediction in biomedical knowledge graphs with BioPathNet - Nature Biomedical Engineering,https://www.nature.com/articles/s41551-025-01598-z,www.nature.com,7.6,6.92,5.62,5.1,7.71
Resilient low-inertia power systems through asynchronous energy balancing - Nature Reviews Electrical Engineering,https://www.nature.com/articles/s44287-025-00256-5,www.nature.com,6.71,5.52,5.98,5.88,7.24
Behavioral and psychophysical characterization of proprioceptive impairment in healthy aging: a hyper-illusory experience of movement - npj Aging,https://www.nature.com/articles/s41514-026-00333-5,www.nature.com,6.73,5.64,5.5,3.84,7.28
Impact of dual-tasking and balance confidence on turns and transitions: a cross-sectional study in Parkinson’s disease - Scientific Reports,https://www.nature.com/articles/s41598-026-35450-4,www.nature.com,6.56,6.18,6.44,4.36,7.21
Rotation amplifies mixing in ageing Sun-like stars - Nature Astronomy,https://www.nature.com/articles/s41550-025-02744-y,www.nature.com,7.28,6.17,5.76,4.48,6.16
Social bonds and community support are vital to prison reform - Nature Human Behaviour,https://www.nature.com/articles/s41562-024-02007-2,www.nature.com,6.64,6.11,5.54,4.73,7.12
HCN channels reveal conserved and divergent physiology in supragranular pyramidal neurons in primate species - Communications Biology,https://www.nature.com/articles/s42003-026-09558-2,www.nature.com,4.92,6.58,5.07,4.97,7.18
Spatial connections between the timing of hydroclimatic extremes - Nature Water,https://www.nature.com/articles/s44221-025-00536-2,www.nature.com,5.84,6.43,5.06,4.82,7.26
Love and economic development - Nature Human Behaviour,https://www.nature.com/articles/s41562-021-01251-0,www.nature.com,6.31,6.65,5.36,4.82,7.1
Tragic love: AI’s emotionless system and the absence of human emotions - Humanities and Social Sciences Communications,https://www.nature.com/articles/s41599-025-06400-8,www.nature.com,7.46,6.6,5.7,4.62,6.16
Bowel incision closure with a semi-mutomated Robot-assisted laser tissue soldering system - Scientific Reports,https://www.nature.com/articles/s41598-025-32266-6,www.nature.com,4.97,6.92,4.95,4.37,6.39
Molecular and zooarchaeological identification of 5000 year old whale-bone harpoons in coastal Brazil - Nature Communications,https://www.nature.com/articles/s41467-025-67530-w,www.nature.com,6.35,6.44,6.22,6.11,6.78
"Immunoassays for the detection and differentiation of Paenibacillus larvae, the etiological agent of American foulbrood (AFB) in honey bees - Scientific Reports",https://www.nature.com/articles/s41598-026-35590-7,www.nature.com,7.25,6.75,5.76,4.48,7.46
"Isolation, purification and characterization of lipocartilage in mice - Nature Protocols",https://www.nature.com/articles/s41596-025-01302-0,www.nature.com,6.88,6.93,6.03,4.7,5.85
Irreversibility in climate action - Nature Climate Change,https://www.nature.com/articles/s41558-025-02526-4,www.nature.com,4.81,6.22,5.07,4.77,7.51
Age stereotypes in appeals for intergenerational solidarity: disentangling the paradox - Humanities and Social Sciences Communications,https://www.nature.com/articles/s41599-025-06113-y,www.nature.com,6.75,6.96,5.8,4.55,7.46
Rethinking classroom design to improve learning - Nature Human Behaviour,https://www.nature.com/articles/s41562-025-02386-0,www.nature.com,6.43,5.84,6.47,5.83,7.51
Integrative multimodal hybrid data fusion for mortality prediction - Scientific Reports,https://www.nature.com/articles/s41598-026-36296-6,www.nature.com,6.7,6.56,4.04,6.42,7.74
High-entropy alloy Janus artificial enzymes for pH-gated sequential redox therapy of drug-resistant bacterial infection - Nature Communications,https://www.nature.com/articles/s41467-025-68020-9,www.nature.com,7.21,6.83,6.05,5.18,7.78
Label-free tissue NIR-II autofluorescence imaging for visualization of human liver malignancy - Nature Biomedical Engineering,https://www.nature.com/articles/s41551-025-01593-4,www.nature.com,6.8,6.95,5.56,6.04,7.22
Identification of a novel real-time PCR reference gene panel for EA.hy926 endothelial cells in different growth States and with DHA treatment - Scientific Reports,https://www.nature.com/articles/s41598-025-27383-1,www.nature.com,6.31,7.1,5.33,4.26,7.1
Improved de novo production of prostaglandin F2α from glucose with engineered Yarrowia lipolytica strains - Communications Biology,https://www.nature.com/articles/s42003-025-09510-w,www.nature.com,6.81,6.54,5.77,5.42,6.17
A CT Dataset with RECIST Measurements and Comprehensive Segmentation Masks for Tumors and Lymph Nodes - Scientific Data,https://www.nature.com/articles/s41597-026-06597-6,www.nature.com,4.99,6.97,5.15,6.07,7.44
Cyclone-induced cooling is weaker than suggested by previous estimates - Nature Geoscience,https://www.nature.com/articles/s41561-025-01900-3,www.nature.com,6.56,6.09,4.74,5.69,7.17
2D perovskites featuring intralayer bidentate ligands - Nature Chemistry,https://www.nature.com/articles/s41557-025-02051-z,www.nature.com,6.99,6.99,6.3,4.47,5.9
TET1 suppresses hepatocellular carcinoma progression by modulating the PI3K/Akt signaling pathways - Scientific Reports,https://www.nature.com/articles/s41598-026-36334-3,www.nature.com,5.09,6.92,5.6,5.97,7.19
Ancient ‘snowball’ Earth had frigidly briny seas,https://www.nature.com/articles/d41586-025-04081-6,www.nature.com,6.66,5.98,5.32,4.68,5.49
Monsters: interdisciplinary explorations in monstrosity - Humanities and Social Sciences Communications,https://www.nature.com/articles/s41599-020-0428-1,www.nature.com,7.03,5.93,5.68,6.11,5.79
There can be more to consciousness research than theory testing - Communications Psychology,https://www.nature.com/articles/s44271-025-00357-9,www.nature.com,7.03,5.59,5.49,5.75,7.31
Looking backwards and forwards - Nature Reviews Clean Technology,https://www.nature.com/articles/s44359-025-00140-3,www.nature.com,7.13,6.58,6.86,4.51,7.7
Unusual objects illuminate new evolutionary paths - Nature Astronomy,https://www.nature.com/articles/s41550-025-02762-w,www.nature.com,7.06,6.0,5.67,4.21,5.89
Trans-RNAs to program translation initiation - Nature Methods,https://www.nature.com/articles/s41592-025-02998-4,www.nature.com,4.92,6.55,4.98,4.7,7.59
Colour blindness as a risk factor for bladder cancer - Nature Health,https://www.nature.com/articles/s44360-025-00029-2,www.nature.com,6.82,6.98,5.66,4.47,7.46
Site-saturation functional screens identify PALB2 missense variants associated with increased breast cancer risk - Nature Communications,https://www.nature.com/articles/s41467-025-67252-z,www.nature.com,6.29,6.8,5.53,5.55,6.92
Surface rejuvenation of stony near-Earth asteroids triggered by planetary shadows - Nature Geoscience,https://www.nature.com/articles/s41561-025-01907-w,www.nature.com,6.19,6.2,6.14,4.89,5.53
Post-transcriptional control of endogenous retroviruses by L1td1 suppresses totipotency acquisition in pluripotent stem cells - Cell Discovery,https://www.nature.com/articles/s41421-025-00864-3,www.nature.com,6.65,7.21,5.53,4.53,6.02
Collective intelligence for AI-assisted chemical synthesis - Nature,https://www.nature.com/articles/s41586-026-10131-4,www.nature.com,7.02,6.2,5.65,5.34,7.2
A potential turning point for Bolivia’s biodiversity conservation - Nature Ecology & Evolution,https://www.nature.com/articles/s41559-025-02937-8,www.nature.com,6.72,6.97,6.57,4.98,7.42
Trump one year on: How six US researchers plan to protect science amid chaos and cuts,https://www.nature.com/articles/d41586-026-00090-1,www.nature.com,6.96,7.38,5.82,4.32,7.85
Artificial intelligence for public health can harness data for healthier populations - Nature Health,https://www.nature.com/articles/s44360-025-00005-w,www.nature.com,7.57,6.7,5.77,4.6,7.52
The Italian parliament first to recognize obesity as a chronic and relapsing disease - Nature Medicine,https://www.nature.com/articles/s41591-025-04112-9,www.nature.com,6.71,6.66,5.63,5.41,7.44
Climate mode interactions amplify coastal flood risks and their seasonal predictability - Nature Geoscience,https://www.nature.com/articles/s41561-025-01903-0,www.nature.com,5.27,6.24,4.97,5.83,7.12
Nickel-catalyzed divergent sulfonations of propargylic carbonate - Nature Communications,https://www.nature.com/articles/s41467-026-68720-w,www.nature.com,7.09,6.14,5.81,3.85,5.77
Ultra-low-density exoplanets observed around a young star,https://www.nature.com/articles/d41586-025-03983-9,www.nature.com,6.81,6.43,5.59,4.77,5.58
A modified nanoparticle–mRNA complex for improved gene editing in the heart - Nature Biomedical Engineering,https://www.nature.com/articles/s41551-025-01559-6,www.nature.com,7.56,6.67,5.54,4.38,7.46
Climate adaptation and resilience must account for context and culture - Nature Health,https://www.nature.com/articles/s44360-025-00009-6,www.nature.com,5.44,6.67,5.5,6.27,7.28
"Take the News & Views end-of-year quiz: vampire fungus, migratory moths and a 160-year-old mystery",https://www.nature.com/articles/d41586-025-04119-9,www.nature.com,7.09,6.78,5.61,5.07,7.66
"Forest streamflow driven by soils, topography and previous rains - Nature Water",https://www.nature.com/articles/s44221-025-00570-0,www.nature.com,6.43,6.79,6.5,4.4,7.12
Seeing cities through video games - Nature Cities,https://www.nature.com/articles/s44284-025-00346-3,www.nature.com,6.44,5.47,5.71,5.87,7.16
Reply to: ‘The use of β-blockers after myocardial infarction: no doubts remain’ - Nature Reviews Cardiology,https://www.nature.com/articles/s41569-026-01251-5,www.nature.com,6.43,6.63,5.41,4.53,7.42
Fine-tune AlphaFold with limited cryo-EM observations - Communications Chemistry,https://www.nature.com/articles/s42004-026-01899-7,www.nature.com,7.37,6.58,5.92,4.2,6.28
Outside interference or Hong Kong embracing its unique identity? The Chinese Universities Shakespeare Festival - Humanities and Social Sciences Communications,https://www.nature.com/articles/s41599-019-0327-5,www.nature.com,6.35,5.94,6.21,5.1,6.99
Europe’s water law needs genomic resolution - Nature Water,https://www.nature.com/articles/s44221-025-00488-7,www.nature.com,6.66,7.07,5.32,4.76,7.41
Engineering AI co-scientists for statistical genetics applications - Nature Genetics,https://www.nature.com/articles/s41588-025-02487-6,www.nature.com,7.02,6.8,5.68,4.26,7.14
Low temperature and rapid photothermal oxidation of liquid gallium for circular hydrogen production - Nature Communications,https://www.nature.com/articles/s41467-026-68664-1,www.nature.com,7.11,6.53,6.58,4.56,5.54
Integrating psychological and mental health perspectives in disease management: improving patient well-being - Humanities and Social Sciences Communications,https://www.nature.com/articles/s41599-025-04359-0,www.nature.com,6.83,7.75,5.79,3.71,7.39
Workplaces must respond better to the bullied boss - Nature Human Behaviour,https://www.nature.com/articles/s41562-023-01702-w,www.nature.com,6.96,6.37,5.67,5.89,7.41
Cities growing food and people - Nature Cities,https://www.nature.com/articles/s44284-025-00386-9,www.nature.com,6.57,6.82,5.98,4.49,7.07
Quantifying biases in reconstructed brain networks - Communications Physics,https://www.nature.com/articles/s42005-025-02460-z,www.nature.com,6.59,6.61,5.98,5.83,7.53
The urgent need for African research collaboration on medicine quality - Nature Communications,https://www.nature.com/articles/s41467-025-67430-z,www.nature.com,7.2,6.37,5.5,5.55,7.41
"When local arthropod biomass declines, every species counts - Nature Ecology & Evolution",https://www.nature.com/articles/s41559-025-02918-x,www.nature.com,6.22,6.07,6.74,5.78,6.33
Corporate transformation is key to achieving zero waste - Nature Human Behaviour,https://www.nature.com/articles/s41562-025-02330-2,www.nature.com,6.8,6.4,6.29,4.65,7.23
Memories of items and their contexts are encoded by separate groups of human brain cells,https://www.nature.com/articles/d41586-026-00016-x,www.nature.com,7.05,6.38,4.92,4.24,7.49
Q-methodological exploration of environmental characteristics affecting residential security in hybrid blocks: a focus on Beijing - Humanities and Social Sciences Communications,https://www.nature.com/articles/s41599-025-06293-7,www.nature.com,7.43,6.85,6.91,4.96,7.29
Ice age wolf pup’s stomach yields rare DNA from woolly rhino,https://www.nature.com/articles/d41586-026-00161-3,www.nature.com,6.61,6.15,5.69,6.16,5.59
Persistent inequities in global lake science - Nature Reviews Earth & Environment,https://www.nature.com/articles/s43017-025-00722-6,www.nature.com,6.42,6.59,5.49,4.69,7.17
On the fundamental resource for exponential advantage in quantum channel learning - Nature Communications,https://www.nature.com/articles/s41467-026-68532-y,www.nature.com,6.64,5.95,5.16,6.14,6.88
How to change research culture with participatory workshops - Nature Human Behaviour,https://www.nature.com/articles/s41562-025-02391-3,www.nature.com,6.66,6.42,5.93,5.75,7.44
The cosmos through the lenses of astronomy and art - Nature Astronomy,https://www.nature.com/articles/s41550-025-02679-4,www.nature.com,6.52,6.31,5.41,6.28,7.12
Pathologies of the modern paradigm and the refugee question: a critical analysis - Humanities and Social Sciences Communications,https://www.nature.com/articles/s41599-025-06422-2,www.nature.com,6.82,7.12,6.41,5.13,6.03
Creating anthropo-scenes - Nature Climate Change,https://www.nature.com/articles/nclimate2709,www.nature.com,6.72,6.05,5.6,6.02,7.27
"The technological revolution in mental health: opportunities, challenges, and practical recommendations - Humanities and Social Sciences Communications",https://www.nature.com/articles/s41599-025-06441-z,www.nature.com,7.15,5.87,5.83,4.25,7.82
"United States and European Union aid cuts risk exacerbating links between aid, trade, and human and environmental crises - Communications Sustainability",https://www.nature.com/articles/s44458-025-00011-9,www.nature.com,6.47,6.68,5.1,4.29,7.31
Tropical flash floods are becoming more frequent and widespread but are still underestimated - Nature Geoscience,https://www.nature.com/articles/s41561-025-01844-8,www.nature.com,6.56,6.74,6.25,4.61,6.96
The fictionalization of morality police in Saudi novel: a new historicist approach - Humanities and Social Sciences Communications,https://www.nature.com/articles/s41599-025-05237-5,www.nature.com,7.11,5.89,5.8,4.65,7.37
The ethics of suicide research online: a consensual protocol for crowdsourcing-based studies on suicide - Humanities and Social Sciences Communications,https://www.nature.com/articles/s41599-023-02572-3,www.nature.com,7.14,6.94,5.88,4.31,7.78
Predicting in vivo chromatin states - Nature Genetics,https://www.nature.com/articles/s41588-025-02492-9,www.nature.com,6.73,6.6,5.42,4.81,7.7
Complexoform-specific ligands that modulate the pleiotropic methyltransferase adaptor TRMT112 - Nature Chemical Biology,https://www.nature.com/articles/s41589-025-02125-6,www.nature.com,5.43,6.28,5.05,4.78,7.19
"Immature development time and survivorship of the dengue vectors Aedes aegypti, Aedes vittatus, and the invasive Aedes albopictus in Ghana - Scientific Reports",https://www.nature.com/articles/s41598-026-36526-x,www.nature.com,6.29,6.35,6.35,4.75,7.31
Bridging the mentorship divide: how large language models could reshape medical workforce equity - npj Digital Medicine,https://www.nature.com/articles/s41746-025-02167-z,www.nature.com,5.05,6.46,4.58,6.67,6.25
When clean isn’t enough - Nature Water,https://www.nature.com/articles/s44221-025-00537-1,www.nature.com,7.03,6.38,5.57,4.62,7.47
Bionic Janus hydrogel drives infected Achilles tendon regeneration via mechano-immune spatiotemporal steering - Nature Communications,https://www.nature.com/articles/s41467-026-68514-0,www.nature.com,6.47,6.73,5.97,4.34,7.55
Lived experiences of Lewy body dementia diagnosis and care in Ireland - npj Dementia,https://www.nature.com/articles/s44400-025-00050-y,www.nature.com,5.05,6.2,4.88,4.95,5.49
Non-covalent assembly of multiple epitopes onto a single nanoparticle - Nature Biomedical Engineering,https://www.nature.com/articles/s41551-025-01530-5,www.nature.com,7.04,6.86,5.65,4.09,7.43
Ophthalmology in the Ebers Papyrus: a translation-based reassessment of ancient Egyptian eye remedies - Eye,https://www.nature.com/articles/s41433-025-03865-4,www.nature.com,6.73,6.33,5.77,5.83,7.34
Lowering the Mo limit for nitrogen fixation by Mo-nitrogenase - Communications Earth & Environment,https://www.nature.com/articles/s43247-026-03193-9,www.nature.com,6.42,6.04,4.47,5.99,6.91
The influence of retirement age on life expectancy based on analysis of OECD countries - Humanities and Social Sciences Communications,https://www.nature.com/articles/s41599-026-06498-4,www.nature.com,7.07,6.55,5.93,5.02,5.63
"Pancreatic cancer: advances in immunology, translational analyses and therapeutic paradigms - Nature Reviews Gastroenterology & Hepatology",https://www.nature.com/articles/s41575-025-01170-9,www.nature.com,5.14,6.34,4.65,4.59,7.43
Twisted graphene puts magnetic fields in check - Nature Sensors,https://www.nature.com/articles/s44460-025-00023-x,www.nature.com,6.67,5.8,6.27,4.66,5.72
Machine learning models for crude protein prediction in Tamani grass pastures - Scientific Reports,https://www.nature.com/articles/s41598-026-36949-6,www.nature.com,5.96,4.97,4.61,5.95,7.06
"Endothelin-3 and T-type Ca2+ channels drive enteric neural crest cell calcium activity, contractility and migration - Nature Communications",https://www.nature.com/articles/s41467-025-68121-5,www.nature.com,4.8,6.67,4.98,5.22,7.66
Safety regulations for cloning and a compass that finds true north,https://www.nature.com/articles/d41586-025-03740-y,www.nature.com,6.61,5.94,5.45,6.59,5.73
A photonically linked memristive neural network - Nature Electronics,https://www.nature.com/articles/s41928-025-01536-6,www.nature.com,7.03,5.7,5.24,4.25,7.08
Artificial skin mimics the octopus’s art of disguise,https://www.nature.com/articles/d41586-025-03984-8,www.nature.com,7.2,6.16,5.04,4.96,7.48
Europa’s thick lid - Nature Astronomy,https://www.nature.com/articles/s41550-025-02756-8,www.nature.com,6.73,6.06,5.29,4.66,7.4
Times series InSAR deformation monitoring of Jinchuan mining area based on mini stack technology - Scientific Reports,https://www.nature.com/articles/s41598-026-35018-2,www.nature.com,6.43,7.14,6.37,4.59,7.09
The Knowledge Connector decision support system for multiomics-based precision oncology - Nature Communications,https://www.nature.com/articles/s41467-026-68333-3,www.nature.com,5.13,6.6,4.5,4.77,7.49
Choreographing time: toward therapy-aligned entactogens for complex PTSD - Neuropsychopharmacology,https://www.nature.com/articles/s41386-025-02314-w,www.nature.com,6.81,6.34,4.74,5.2,7.75
Dual genomic localizations and gene regulatory functions of MBD-2 with and without NuRD in Caenorhabditis elegans which lacks DNA methylation - Nature Communications,https://www.nature.com/articles/s41467-026-68592-0,www.nature.com,6.93,6.54,5.36,4.0,7.38
Let’s talk about limitations - Nature Reviews Physics,https://www.nature.com/articles/s42254-025-00913-6,www.nature.com,6.18,5.84,5.84,4.38,6.15
Tightening the Sargassum belt - Nature Geoscience,https://www.nature.com/articles/s41561-025-01886-y,www.nature.com,4.97,6.55,4.52,5.48,7.29
Schools for suicide prevention - Nature Health,https://www.nature.com/articles/s44360-025-00050-5,www.nature.com,6.56,6.0,6.45,4.27,7.42
Gender stereotypes in dance education: a study of implicit biases and intervention strategies in the teaching process - Humanities and Social Sciences Communications,https://www.nature.com/articles/s41599-025-06314-5,www.nature.com,4.85,6.5,5.6,5.37,7.34
CDK3 drives neuron loss in Alzheimer’s disease - Nature Aging,https://www.nature.com/articles/s43587-026-01065-7,www.nature.com,6.75,6.36,4.81,5.12,7.85
A Benchmark Dataset of Chinese Development Finance with Climate Relevance and SDG Annotations from 2000–2021 - Scientific Data,https://www.nature.com/articles/s41597-026-06605-9,www.nature.com,5.25,6.17,4.54,4.59,7.0
Predicting the fate of tropical forests under intensifying heat,https://www.nature.com/articles/d41586-025-04093-2,www.nature.com,6.3,6.85,6.44,6.23,7.23
A UAV RGB dataset and method for instance tree crown segmentation for biodiversity monitoring - Scientific Reports,https://www.nature.com/articles/s41598-026-36541-y,www.nature.com,6.7,7.34,6.08,6.05,6.91
The future of autologous stem cell transplantation in systemic sclerosis - Nature Reviews Rheumatology,https://www.nature.com/articles/s41584-025-01341-7,www.nature.com,6.61,6.47,5.87,4.4,6.07
"Soluble epoxide hydrolase inhibitory constituents from the Heartwood of Toxicodendron vernicifluum: isolation, kinetic characterization, molecular modeling, and quantitative analysis - Scientific Reports",https://www.nature.com/articles/s41598-026-36728-3,www.nature.com,6.92,6.49,6.02,5.49,7.23
Closing the carbon mismatch - Nature Geoscience,https://www.nature.com/articles/s41561-025-01906-x,www.nature.com,5.05,6.22,5.31,5.14,6.25
Unlocking larger flow and higher temperature with enhanced geothermal systems innovation in 2025 - Nature Reviews Clean Technology,https://www.nature.com/articles/s44359-025-00143-0,www.nature.com,6.55,7.35,6.71,4.26,7.44
Fibroblast heterogeneity in 2025 - Nature Reviews Rheumatology,https://www.nature.com/articles/s41584-025-01345-3,www.nature.com,7.14,6.99,6.21,4.23,7.42
Intermediate-dose TBI/fludarabine conditioning for allogeneic hematopoietic cell transplantation in patients with cutaneous T-cell lymphoma - Bone Marrow Transplantation,https://www.nature.com/articles/s41409-025-02796-8,www.nature.com,6.29,5.71,6.41,4.2,7.33
Evaluating the modified spinal cord injury secondary conditions scale (SCI-SCS) combining severity and mortality-based weights - Spinal Cord,https://www.nature.com/articles/s41393-026-01167-4,www.nature.com,6.86,6.7,6.56,3.77,7.3
Diagnostic whole transcriptome sequencing in a series of 1233 FFPE solid tumor samples - British Journal of Cancer,https://www.nature.com/articles/s41416-025-03307-8,www.nature.com,6.26,7.77,4.37,4.35,7.27
Social image presentation of virtual sports in social media through the analysis of Twitter data - Scientific Reports,https://www.nature.com/articles/s41598-026-36725-6,www.nature.com,6.64,6.52,5.54,4.77,7.19
GWAS on idiopathic achalasia - Nature Reviews Gastroenterology & Hepatology,https://www.nature.com/articles/s41575-025-01161-w,www.nature.com,4.81,6.88,4.94,6.19,7.04
The organised crime of kidnapping in Nigeria: a quantitative study of the factors influencing its severity - Humanities and Social Sciences Communications,https://www.nature.com/articles/s41599-025-06412-4,www.nature.com,6.63,5.74,5.86,4.93,7.1
Quantifying customer sentiment for automobile brand perception analysis using machine learning on Twitter - Scientific Reports,https://www.nature.com/articles/s41598-026-35637-9,www.nature.com,6.67,6.17,4.75,4.82,7.29
Green ammonia presents an opportunity to advance energy and food system sustainability in India - Communications Sustainability,https://www.nature.com/articles/s44458-025-00013-7,www.nature.com,6.53,5.87,5.93,4.54,7.28
"Squishing, squeezing and stretching age hematopoietic stem cells - Nature Aging",https://www.nature.com/articles/s43587-025-01044-4,www.nature.com,6.38,7.33,5.95,4.42,7.18
Mini-mint ice cubes for early postoperative thirst relief in orthopedic patients undergoing general anesthesia: a randomized controlled trial - Scientific Reports,https://www.nature.com/articles/s41598-026-36593-0,www.nature.com,6.28,4.9,5.51,5.6,7.34
Emerging concepts and novel mechanisms in organ fibrosis - npj Regenerative Medicine,https://www.nature.com/articles/s41536-025-00446-7,www.nature.com,6.67,6.96,5.52,5.34,7.4
Association between thyroid hormone sensitivity indices and renal function in community-dwelling euthyroid older adults: a cross-sectional study - Scientific Reports,https://www.nature.com/articles/s41598-026-36476-4,www.nature.com,6.64,6.99,5.54,4.04,7.08
Anthropogenic warming projected to drive a decline in global tropical cyclone frequency in CMIP6 simulations - npj Climate and Atmospheric Science,https://www.nature.com/articles/s41612-026-01330-x,www.nature.com,5.31,6.57,4.79,5.76,7.06
Advancing transdisciplinarity through library–academic collaboration - Humanities and Social Sciences Communications,https://www.nature.com/articles/s41599-025-05492-6,www.nature.com,6.75,6.72,6.04,4.41,6.09
Molecular insights on the proangiogenic effects of VEGF like growth factor derived from horseshoe crab perivitelline fluid - Scientific Reports,https://www.nature.com/articles/s41598-025-32706-3,www.nature.com,6.29,7.05,4.77,6.05,6.17
Immunizing against dementia? - Nature Reviews Microbiology,https://www.nature.com/articles/s41579-025-01275-7,www.nature.com,6.71,7.19,5.3,5.47,7.57
Could lessons from medical research ethics inform better conversations and governance for climate engineering research - npj Climate Action,https://www.nature.com/articles/s44168-025-00333-3,www.nature.com,6.93,6.81,5.98,4.92,7.55
Developing super-tortillas to address malnutrition in Latin America,https://www.nature.com/articles/d41586-026-00087-w,www.nature.com,6.33,5.19,5.77,4.79,5.85
Can boomerangs bounce?,https://www.nature.com/articles/d41586-025-03989-3,www.nature.com,6.71,5.82,5.48,6.01,5.63
"Enhancing seed, land and water management in humanitarian interventions for urban areas under siege - Nature Water",https://www.nature.com/articles/s44221-025-00556-y,www.nature.com,6.53,6.0,6.78,4.52,7.29
Fuzzy weighted natural nearest neighbor based density peak clustering - Scientific Reports,https://www.nature.com/articles/s41598-025-34175-0,www.nature.com,7.19,5.77,6.45,5.61,7.36
First evidence of naturally vertically transmitted Coxiella-like endosymbionts in Haemaphysalis Bispinosa from dairy cattle in Indonesia - Scientific Reports,https://www.nature.com/articles/s41598-025-34248-0,www.nature.com,6.39,6.35,5.9,6.4,6.88
Do their ears hang low? The genetics of dogs’ adorable floppy ears,https://www.nature.com/articles/d41586-026-00071-4,www.nature.com,5.74,6.55,4.85,5.01,5.66
Chronic spontaneous urticaria is associated with elevated serum zonulin levels - Scientific Reports,https://www.nature.com/articles/s41598-026-35394-9,www.nature.com,6.37,7.3,5.03,5.04,7.24
A cross-linguistic investigation of /h/ symbolism: the case of H2O - Humanities and Social Sciences Communications,https://www.nature.com/articles/s41599-025-06397-0,www.nature.com,6.39,6.39,5.65,6.32,5.64
Comment to: Rethinking maritime security from the bottom up: Four principles to broaden perspectives and centre humans and ecosystems - npj Ocean Sustainability,https://www.nature.com/articles/s44183-025-00156-z,www.nature.com,7.0,6.43,6.23,5.56,7.29
"Sustainable cost recovery principles can drive equitable, ongoing funding of critical urban sanitation services - npj Clean Water",https://www.nature.com/articles/s41545-024-00399-2,www.nature.com,4.8,6.36,5.6,5.07,7.35
Anti-BCMA CAR-T cells attenuate microglial activation in progressive multiple sclerosis: indicating a plasma cell-microglia crosstalk - Signal Transduction and Targeted Therapy,https://www.nature.com/articles/s41392-025-02510-6,www.nature.com,5.17,6.09,5.16,4.74,7.29
Weakly supervised colorectal gland segmentation through self-supervised learning and attention-based pseudo-labeling - Scientific Reports,https://www.nature.com/articles/s41598-026-36256-0,www.nature.com,5.2,6.59,4.5,5.02,7.33
30 m-resolution annual crop type maps in Northeast China from 2001 to 2022 - Scientific Data,https://www.nature.com/articles/s41597-025-06516-1,www.nature.com,6.06,6.51,5.47,5.32,5.71
Large-scale analysis identifies metabolites associated with type 2 diabetes - Nature Medicine,https://www.nature.com/articles/s41591-025-04147-y,www.nature.com,6.89,6.42,5.62,5.95,7.66
Network separation modeling and quantum computing for developing wildfire fuelbreak strategy - Communications Engineering,https://www.nature.com/articles/s44172-026-00585-9,www.nature.com,7.19,6.78,6.94,5.44,7.35
Tensions in air and rail integration based on a European longitudinal case study with stakeholders - npj Sustainable Mobility and Transport,https://www.nature.com/articles/s44333-025-00062-4,www.nature.com,6.31,6.51,4.89,4.78,6.93
Multiparametric comparative assessment of surgical efficacy in patients with SUI and POP versus normal controls - Scientific Reports,https://www.nature.com/articles/s41598-026-35587-2,www.nature.com,6.34,6.43,5.6,4.29,6.09
"New phase, new faces, same mission - Nature Reviews Electrical Engineering",https://www.nature.com/articles/s44287-025-00259-2,www.nature.com,7.49,7.0,6.55,4.24,6.33
Fine particulate matter exacerbates childhood asthma via DNMT3A-mediated modulation of GPX4 DNA methylation - Scientific Reports,https://www.nature.com/articles/s41598-026-35962-z,www.nature.com,7.03,7.27,5.19,6.28,7.27
Addressing food waste and hunger together - Nature Human Behaviour,https://www.nature.com/articles/s41562-025-02337-9,www.nature.com,6.24,5.59,4.66,5.12,7.17
Bacterial richness for enhanced soil carbon storage - Nature Food,https://www.nature.com/articles/s43016-025-01247-3,www.nature.com,6.74,6.08,5.85,3.87,6.88
Bringing marine microbiome research into the classroom is an essential step toward a climate literate society - npj Climate Action,https://www.nature.com/articles/s44168-025-00325-3,www.nature.com,5.12,6.39,4.56,5.84,7.16
Compact UV spectral imager - Nature Reviews Electrical Engineering,https://www.nature.com/articles/s44287-025-00257-4,www.nature.com,7.72,7.07,5.97,4.67,7.57
Fibroblast spatial heterogeneity in Crohn’s disease fistulae - Nature Reviews Gastroenterology & Hepatology,https://www.nature.com/articles/s41575-025-01160-x,www.nature.com,7.06,6.91,6.04,5.47,7.27
Advancing transformational leadership for climate action - npj Climate Action,https://www.nature.com/articles/s44168-025-00329-z,www.nature.com,5.73,7.1,4.83,5.13,7.7
Carbon Dots and mesoporous silica nanocomposites improve spray-induced gene silencing to suppress plant RNA and DNA viruses - Scientific Reports,https://www.nature.com/articles/s41598-026-36331-6,www.nature.com,6.57,6.66,6.21,5.51,7.22
"Late Holocene fast-ice dynamics around the Northern Victoria Land coast, Antarctica - Nature Communications",https://www.nature.com/articles/s41467-025-67781-7,www.nature.com,4.87,6.88,4.57,4.9,7.32
How ageing harms the body’s response to raging infection,https://www.nature.com/articles/d41586-026-00159-x,www.nature.com,6.71,6.68,5.96,6.25,7.43
The role of take-over cue informativity in interrupted take-over requests in a semi-automated driving scenario - Scientific Reports,https://www.nature.com/articles/s41598-026-36614-y,www.nature.com,6.25,5.67,5.1,5.86,7.23
Integrated μECoG–CMOS system enables high-density neural recording - Nature Sensors,https://www.nature.com/articles/s44460-025-00020-0,www.nature.com,6.87,6.71,6.53,4.67,7.16
Incorporating captured carbon into polymers for essential products - Nature Reviews Clean Technology,https://www.nature.com/articles/s44359-025-00114-5,www.nature.com,6.36,7.09,6.42,4.45,7.39
The sequential use of IVF disposable devices doesn’t cause cumulative toxicity unless a defective device compromises the entire procedure - Scientific Reports,https://www.nature.com/articles/s41598-026-35128-x,www.nature.com,6.96,7.19,6.05,4.25,7.25
When science meets violence - Nature Medicine,https://www.nature.com/articles/s41591-025-04162-z,www.nature.com,7.4,7.6,5.72,4.13,7.67
Hyperpolypharmacy in patients with chronic kidney disease and its impact on clinical outcomes - Scientific Reports,https://www.nature.com/articles/s41598-025-25632-x,www.nature.com,6.84,6.44,5.43,5.06,7.86
Traceability for protein sequence to function - Nature Physics,https://www.nature.com/articles/s41567-025-03130-1,www.nature.com,6.48,6.65,5.49,4.68,6.98
Reweaving the Threads of Korean History: AI-Driven Restoration of the Daegu-bu Household Registers (1681–1876) - Scientific Data,https://www.nature.com/articles/s41597-025-06299-5,www.nature.com,4.8,6.16,4.2,5.24,7.37
Transdiagnostic Internet-delivered intervention for children and adolescents with anxiety and depressive disorders: a randomized controlled trial - npj Digital Medicine,https://www.nature.com/articles/s41746-026-02341-x,www.nature.com,6.68,5.61,5.83,4.77,7.04
How did birds evolve? The answer is wilder than anyone thought,https://www.nature.com/articles/d41586-026-00076-z,www.nature.com,6.33,6.82,5.79,6.47,5.61
Companionship in code: AI’s role in the future of human connection - Humanities and Social Sciences Communications,https://www.nature.com/articles/s41599-025-05536-x,www.nature.com,7.21,6.81,5.64,6.12,6.3
Programmed ‘DNA splicing’ removes transposons from genes - Nature Reviews Molecular Cell Biology,https://www.nature.com/articles/s41580-025-00943-z,www.nature.com,6.56,6.29,5.77,4.89,7.55
"Exploring the multifaceted impacts of artificial intelligence on public organizations, business, and society - Humanities and Social Sciences Communications",https://www.nature.com/articles/s41599-024-03913-6,www.nature.com,6.73,6.45,5.77,4.27,7.29
Bridging the fuel tax revenue gap in the move to electric mobility - Nature Sustainability,https://www.nature.com/articles/s41893-025-01712-8,www.nature.com,7.52,6.93,6.61,4.58,7.25
ICT investment and carbon emission efficiency in regional port groups: evidence from Chinese coastal provinces - Humanities and Social Sciences Communications,https://www.nature.com/articles/s41599-026-06509-4,www.nature.com,4.88,6.08,5.37,6.32,7.17
Why cancer can come back years later — and how to stop it,https://www.nature.com/articles/d41586-025-04149-3,www.nature.com,6.68,7.48,4.86,4.63,7.6
Earth observation as enabler for implementing the EU regulation on deforestation-free products - npj Climate Action,https://www.nature.com/articles/s44168-025-00276-9,www.nature.com,5.06,6.31,5.19,5.33,7.19
Putting children in slums at the heart of urban futures - Nature Cities,https://www.nature.com/articles/s44284-025-00327-6,www.nature.com,7.17,6.28,6.56,4.44,7.24
Plug-and-play plasma: decentralised water decontamination for developing countries - npj Clean Water,https://www.nature.com/articles/s41545-025-00548-1,www.nature.com,7.2,6.67,6.31,4.03,7.71
Increased deciduous tree dominance reduces wildfire carbon losses in boreal forests - Nature Climate Change,https://www.nature.com/articles/s41558-025-02539-z,www.nature.com,4.93,6.53,5.14,6.06,6.05
AI tools boost individual scientists but could limit research as a whole,https://www.nature.com/articles/d41586-025-04092-3,www.nature.com,7.72,6.49,5.56,5.81,6.48
"Flexible ferroelectric biomaterials for skin, neural, and musculoskeletal tissue repair - npj Flexible Electronics",https://www.nature.com/articles/s41528-026-00532-w,www.nature.com,6.81,6.89,6.23,3.5,7.55
Stretchy organic LED devices with an ‘exciplex’ state are highly efficient,https://www.nature.com/articles/d41586-025-04164-4,www.nature.com,6.87,6.78,6.3,4.54,7.24
Beyond the metropolis myth - Nature Cities,https://www.nature.com/articles/s44284-025-00324-9,www.nature.com,6.45,5.6,6.07,4.75,7.09
"The Absence of the Rational Economic Man: A Textual Analysis of Ethics, Emotions, and Economic Choices in Sheeba E.K.’s “The Surgeon” (2022) - Humanities and Social Sciences Communications",https://www.nature.com/articles/s41599-025-06428-w,www.nature.com,7.23,6.5,5.84,5.92,5.84
Variations in the technical performance of elite female volleyball: evidence from a new round model - Scientific Reports,https://www.nature.com/articles/s41598-026-36371-y,www.nature.com,6.24,5.72,5.17,4.63,7.11
Real-time tracking of the intramolecular vibrational dynamics of liquid water - Communications Chemistry,https://www.nature.com/articles/s42004-025-01863-x,www.nature.com,6.69,6.63,6.23,3.93,6.89
Toward an understanding of the intrinsic kidney response to acute injury - Nature Reviews Nephrology,https://www.nature.com/articles/s41581-025-01045-x,www.nature.com,6.41,7.04,5.34,4.29,7.07
Correlation analysis of the leaf color presentation of three red leaved cultivars of Aglaonema modestum - Scientific Reports,https://www.nature.com/articles/s41598-026-36250-6,www.nature.com,6.94,6.67,6.43,5.85,7.09
Enriching African genome representation through the AGenDA project - Nature,https://www.nature.com/articles/s41586-025-09935-7,www.nature.com,6.89,6.82,5.41,4.61,7.44
Cilium-by-cilium: unveiling hidden proteomic diversity and the molecular basis of ciliopathies - Signal Transduction and Targeted Therapy,https://www.nature.com/articles/s41392-025-02555-7,www.nature.com,6.79,7.37,5.24,4.45,7.16
Sesamin alleviates androgenetic alopecia by targeting the AR MAPK Wnt axis - Scientific Reports,https://www.nature.com/articles/s41598-025-32856-4,www.nature.com,4.77,7.06,4.69,4.91,5.91
The link between the gender role self-concept and psychobiological stress in everyday life: an ecological momentary assessment study - Scientific Reports,https://www.nature.com/articles/s41598-026-36381-w,www.nature.com,5.59,7.11,4.91,4.88,7.26
Aligning climate-smart marine spatial planning and ecoscape restoration for global biodiversity recovery - Nature Reviews Biodiversity,https://www.nature.com/articles/s44358-025-00116-y,www.nature.com,6.66,5.8,5.18,5.37,7.32
Measuring context sensitivity in artificial intelligence content moderation - Nature Human Behaviour,https://www.nature.com/articles/s41562-025-02363-7,www.nature.com,6.43,5.48,5.53,5.21,7.29
Consumers of nitrite help nitrite accumulate in anoxic oceanic zones - Nature Geoscience,https://www.nature.com/articles/s41561-025-01850-w,www.nature.com,6.72,6.16,5.96,4.46,6.99
Data issues hinder further success in China’s biodiversity conservation - Nature Reviews Biodiversity,https://www.nature.com/articles/s44358-025-00122-0,www.nature.com,6.71,6.06,6.37,4.57,7.32
A qualitative study exploring Malaysian women’s preferences for authority or emotional appeals in public health messages promoting breast cancer screening - Scientific Reports,https://www.nature.com/articles/s41598-025-31687-7,www.nature.com,6.53,6.76,5.93,5.7,7.06
Advances in battery technologies for smart grids in 2025 - Nature Reviews Clean Technology,https://www.nature.com/articles/s44359-025-00134-1,www.nature.com,6.78,6.5,5.84,4.27,7.59
Structure-based engineering of bicarbonate transport activity unlocks the CO2-concentrating mechanism - Nature Plants,https://www.nature.com/articles/s41477-025-02208-1,www.nature.com,4.86,6.6,5.1,4.92,6.86
Governance of urban green spaces as nature-based solutions in Korea and Germany - npj Urban Sustainability,https://www.nature.com/articles/s42949-026-00340-1,www.nature.com,6.33,6.76,5.83,4.76,7.29
Leveraging LLM-based agents for social science research: insights from citation network simulations - Humanities and Social Sciences Communications,https://www.nature.com/articles/s41599-025-06193-w,www.nature.com,7.23,5.65,5.56,5.85,5.83
‘Shattered’: US scientists speak out about how Trump policies disrupted their careers,https://www.nature.com/articles/d41586-026-00091-0,www.nature.com,6.93,7.44,5.81,4.57,7.23
Lessons from Rwanda’s response to the Marburg virus outbreak - Nature Medicine,https://www.nature.com/articles/s41591-025-04163-y,www.nature.com,6.64,6.75,5.53,5.91,7.45
"Cell signaling and transcriptional regulation of osteoclast lineage commitment, differentiation, bone resorption and diseases - Cell Discovery",https://www.nature.com/articles/s41421-025-00853-6,www.nature.com,6.77,7.01,6.41,5.22,7.34
Oldest known poison arrows show Stone Age humans’ technological talents,https://www.nature.com/articles/d41586-026-00051-8,www.nature.com,6.52,6.56,5.78,4.94,7.19
Identifying ecological restoration zones based on ecological security patterns in a resource transitioning district - Scientific Reports,https://www.nature.com/articles/s41598-026-36110-3,www.nature.com,6.36,6.59,6.72,4.77,7.0
Microbial ethanol production in patients with auto-brewery syndrome - Nature Microbiology,https://www.nature.com/articles/s41564-025-02250-x,www.nature.com,6.42,6.28,5.72,5.91,7.53
Hydroelastic waves induced by initial disturbances in ice-covered waters with currents - Scientific Reports,https://www.nature.com/articles/s41598-025-34341-4,www.nature.com,6.78,6.72,6.5,6.0,7.03
Real-time prediction of influenza and respiratory syncytial virus epidemics in primary care using the Gompertz model - Scientific Reports,https://www.nature.com/articles/s41598-026-36519-w,www.nature.com,6.3,7.0,4.34,4.59,6.27
Scaling laws reveal the extent of Earth’s drying headwaters - Nature Water,https://www.nature.com/articles/s44221-025-00565-x,www.nature.com,6.21,6.79,5.04,5.44,7.22
Presence of primordial Mg can explain the seismic low-velocity layer in the Earth’s outermost outer core - Nature Communications,https://www.nature.com/articles/s41467-026-68572-4,www.nature.com,6.11,5.46,6.07,4.65,6.74
MASLD as a complication of obesity must include liver risk stratification - Nature Medicine,https://www.nature.com/articles/s41591-025-04130-7,www.nature.com,4.67,5.1,4.84,6.27,5.75
Global firms choose to invest in well-connected airport cities - Nature Cities,https://www.nature.com/articles/s44284-025-00362-3,www.nature.com,6.69,6.78,6.13,4.33,7.1
"Regulation of hydrothermal kinetics unlocks record efficiency in Sb2(S,Se)3 solar cells - Nature Energy",https://www.nature.com/articles/s41560-025-01956-w,www.nature.com,7.08,6.66,6.1,4.72,6.33
Combat the human-made causes of Spain’s wildfires,https://www.nature.com/articles/d41586-025-03091-8,www.nature.com,6.19,6.62,6.51,5.92,6.8
Let’s talk about language—and its role for replicability - Humanities and Social Sciences Communications,https://www.nature.com/articles/s41599-025-04381-2,www.nature.com,6.44,6.22,5.74,4.49,5.87
Identification and verification of SPP1 in anoikis as a prognostic biomarker for intestinal metaplasia and gastric cancer - Scientific Reports,https://www.nature.com/articles/s41598-026-36714-9,www.nature.com,5.13,6.74,4.93,6.26,7.23
"Connecting screens: the effect of online playful interactions on social, emotional, and cognitive functioning among older adults - Humanities and Social Sciences Communications",https://www.nature.com/articles/s41599-025-05935-0,www.nature.com,7.03,6.39,5.9,4.85,6.11
"Towards global healthy longevity: report from the 1st World Longevity Summit in Kyotango, Japan - npj Aging",https://www.nature.com/articles/s41514-025-00279-0,www.nature.com,6.9,6.39,6.03,4.16,7.54
Firefighting robots should be made responsibly - Nature Machine Intelligence,https://www.nature.com/articles/s42256-025-01037-3,www.nature.com,7.51,6.18,6.02,5.85,6.3
Agronomic management drives the wheat yield plateau in high-yielding environments of northwest Europe - Nature Food,https://www.nature.com/articles/s43016-025-01286-w,www.nature.com,6.28,6.2,6.63,4.8,5.6
A rat model of Immunologic and hypertensive kidney injury - Scientific Reports,https://www.nature.com/articles/s41598-025-23316-0,www.nature.com,6.74,6.59,5.58,4.31,7.25
Distinct sympathetic projections to brown fat regulate thermogenesis and glucose tolerance - Nature Metabolism,https://www.nature.com/articles/s42255-025-01429-0,www.nature.com,6.48,6.52,5.82,4.6,5.74
The ritual stance affects perceptions of effort - Humanities and Social Sciences Communications,https://www.nature.com/articles/s41599-025-06309-2,www.nature.com,4.67,6.2,4.88,6.16,7.38
Spreading inflammation via the skin–joint axis - Nature Reviews Immunology,https://www.nature.com/articles/s41577-026-01272-8,www.nature.com,6.59,6.82,6.29,4.67,6.35
Och AI the noo from SIU - Nature Reviews Urology,https://www.nature.com/articles/s41585-025-01118-3,www.nature.com,7.63,6.38,5.4,4.06,7.96
The theory of planned behavior partly explains why adults with chronic musculoskeletal pain consider using medical cannabis for pain management - Scientific Reports,https://www.nature.com/articles/s41598-025-33616-0,www.nature.com,6.5,6.01,6.61,5.49,7.35
ALS: a field in motion - Scientific Reports,https://www.nature.com/articles/s41598-025-33163-8,www.nature.com,6.43,6.53,6.01,5.58,7.12
The impact of agricultural green development on common prosperity for farmers in rural areas - Scientific Reports,https://www.nature.com/articles/s41598-026-35978-5,www.nature.com,4.57,6.4,5.26,4.99,6.77
Artificial intelligence and precision medicine - Scientific Reports,https://www.nature.com/articles/s41598-026-35404-w,www.nature.com,5.7,6.74,4.46,4.85,7.68
Urinary complement C3 fragment levels and their clinical relevance in MPO-ANCA-associated vasculitis - Scientific Reports,https://www.nature.com/articles/s41598-026-36417-1,www.nature.com,6.87,6.94,6.14,4.5,7.17
When better data meets better design: How EHR data usability and system usability shape physicians’ cognitive load - npj Digital Medicine,https://www.nature.com/articles/s41746-025-02243-4,www.nature.com,6.76,5.65,5.61,6.1,7.24
"Cryo-electron tomography reveals coupled flavivirus replication, budding and maturation - Nature Communications",https://www.nature.com/articles/s41467-026-68483-4,www.nature.com,6.48,6.62,5.91,4.4,5.81
Ex post impact assessment of Marwa rehabilitation on irrigation performance under water scarcity in Egypt - Scientific Reports,https://www.nature.com/articles/s41598-025-34200-2,www.nature.com,5.23,6.46,5.41,5.11,6.92
Biochemical and epigenomic dissection of TFIIE function reveals gene-selective requirement in human transcription - Scientific Reports,https://www.nature.com/articles/s41598-026-36090-4,www.nature.com,4.64,6.29,4.82,4.71,7.38
Ophthalmic anaesthesia: a declining skill in anaesthetic training? - Eye,https://www.nature.com/articles/s41433-025-03914-y,www.nature.com,6.61,6.14,5.81,4.43,6.95
Biomolecular condensates as electrochemical powerhouses - Nature Materials,https://www.nature.com/articles/s41563-025-02440-2,www.nature.com,7.81,6.78,6.16,3.99,7.42
Intrinsically stretchable 2D MoS2 transistors - Nature Communications,https://www.nature.com/articles/s41467-026-68504-2,www.nature.com,7.34,5.96,6.47,4.52,5.96
α-Amylase in Aspergillus oryzae-fermented rice promotes the growth of human symbiotic Faecalibacterium Prausnitzii - Scientific Reports,https://www.nature.com/articles/s41598-026-36928-x,www.nature.com,6.54,6.08,5.1,6.5,7.1
Metalens-style image synthesis for metalens imaging via image-to-image translation - Scientific Reports,https://www.nature.com/articles/s41598-026-36150-9,www.nature.com,6.52,6.05,5.83,5.65,7.19
Plasma exosomal hsa-miR-339-5p is associated with NOD-like receptor family CARD domain-containing 5 in heart failure with reduced ejection fraction - Scientific Reports,https://www.nature.com/articles/s41598-026-35519-0,www.nature.com,6.3,7.11,5.42,4.21,5.79
The 2025 Blatten disaster in the Swiss Alps followed exceptional warming and highlights the vulnerability of people and heritage in glaciated landscapes - Communications Earth & Environment,https://www.nature.com/articles/s43247-025-02994-8,www.nature.com,4.69,6.5,5.08,5.34,5.65
Helioseismic evidence that the solar dynamo originates near the tachocline - Scientific Reports,https://www.nature.com/articles/s41598-025-34336-1,www.nature.com,6.67,7.66,5.48,5.43,7.19
Pick a color to control TRP channels - Nature Chemical Biology,https://www.nature.com/articles/s41589-025-02087-9,www.nature.com,6.83,6.18,5.82,5.64,7.19
Interpretable Kolmogorov-Arnold networks for enzyme commission number prediction - npj Artificial Intelligence,https://www.nature.com/articles/s44387-025-00059-x,www.nature.com,5.33,6.72,4.37,5.79,7.28
Risk of total hip arthroplasty following lumbar fusion surgery in a nationwide cohort study - Scientific Reports,https://www.nature.com/articles/s41598-026-35894-8,www.nature.com,6.62,6.79,6.24,5.0,5.97
Natural source zone depletion predicts finite longevity for petroleum products in soil and groundwater - Scientific Reports,https://www.nature.com/articles/s41598-025-34718-5,www.nature.com,6.44,6.48,6.76,4.4,5.91
Efficient chemical reprogramming of human T cells to pluripotent stem cells - Cell Research,https://www.nature.com/articles/s41422-025-01216-2,www.nature.com,6.35,5.58,5.91,4.72,7.6
"Palgrave Communications – connecting research in the humanities, social sciences and business - Humanities and Social Sciences Communications",https://www.nature.com/articles/palcomms20146,www.nature.com,6.58,7.22,5.66,4.64,6.48
"Distributed multitudes of bio-inspired, biodegradable Lagrangian sensors for environmental sustainability - Nature Communications",https://www.nature.com/articles/s41467-026-68369-5,www.nature.com,7.29,6.64,6.59,5.68,7.51
Satellite swarms set to photobomb more than 95% of some telescopes’ images,https://www.nature.com/articles/d41586-025-03953-1,www.nature.com,6.32,5.54,5.42,6.06,7.11
Standardized protocols for analyzing lipocartilage and lipochondrocytes - Nature Protocols,https://www.nature.com/articles/s41596-025-01324-8,www.nature.com,6.87,6.92,6.19,4.17,5.98
The role of thermostats and human behaviour in residential temperature settings in the USA - Nature Energy,https://www.nature.com/articles/s41560-025-01948-w,www.nature.com,6.87,6.2,5.81,6.17,6.34
Instant gratification and long-term sustainability: a gender-inclusive approach to social infrastructure in Gilgit-Baltistan road projects - Humanities and Social Sciences Communications,https://www.nature.com/articles/s41599-026-06501-y,www.nature.com,6.17,6.82,5.87,5.87,6.61
Early-onset Palmijihwang-hwan treatment modulates phospholipid metabolism and gut microbiota for healthy aging: reducing adipose inflammation and oxidative stress - npj Aging,https://www.nature.com/articles/s41514-026-00334-4,www.nature.com,6.68,6.49,5.09,4.92,7.58
Disappearing ‘planet’ reveals a solar system’s turbulent times,https://www.nature.com/articles/d41586-025-04148-4,www.nature.com,6.64,6.84,5.05,4.94,7.22
"Testing the simplification universal in game localization: a quantitative comparison of linguistic complexity in black myth, Sekiro, and RDR2 - Humanities and Social Sciences Communications",https://www.nature.com/articles/s41599-025-06424-0,www.nature.com,6.19,5.15,5.62,4.93,5.88
Argentina must finish building the CART radio telescope,https://www.nature.com/articles/d41586-025-03997-3,www.nature.com,6.81,7.19,5.12,5.94,7.01
Gene expression imputation spatially resolves transcriptional programs in barley spike development - Nature Plants,https://www.nature.com/articles/s41477-025-02177-5,www.nature.com,6.18,6.71,4.79,4.66,6.91
Double-strand break-free epigenetic programming: a safer path for T-cell therapies - Signal Transduction and Targeted Therapy,https://www.nature.com/articles/s41392-025-02529-9,www.nature.com,6.64,6.69,4.65,3.96,7.62
Oligomers mediate the spatial transmission of Aβ peptide aggregation - Communications Chemistry,https://www.nature.com/articles/s42004-025-01837-z,www.nature.com,6.81,6.67,6.1,4.26,7.32
The role of histone demethylase PHF2 as a tumour suppressor in hepatocellular carcinoma by regulating SRXN1 - Oncogenesis,https://www.nature.com/articles/s41389-026-00597-2,www.nature.com,5.48,6.95,5.34,5.8,6.4
JHG Young Scientist Award 2025 - Journal of Human Genetics,https://www.nature.com/articles/s10038-026-01453-2,www.nature.com,7.13,7.23,5.17,5.35,7.41
Assessment of hydrological drought vulnerability using SPI and SWI indices in Tiruttani block Tamilnadu - Scientific Reports,https://www.nature.com/articles/s41598-026-36100-5,www.nature.com,6.97,6.96,6.21,4.67,6.88
Mesoscale moisture convergence drives stronger rainfall extremes - Nature Geoscience,https://www.nature.com/articles/s41561-025-01869-z,www.nature.com,5.33,6.24,4.74,6.69,7.11
Advancing an adaptable and practical framework to address water quality challenges in a changing world - Nature Reviews Earth & Environment,https://www.nature.com/articles/s43017-025-00753-z,www.nature.com,6.35,6.4,6.18,4.89,7.01
Successes in climate action - Nature Climate Change,https://www.nature.com/articles/s41558-025-02546-0,www.nature.com,4.98,6.68,5.28,5.88,7.52
Pattern poetry and ludic relief in Zeina Hashem Beck’s oeuvre - Humanities and Social Sciences Communications,https://www.nature.com/articles/s41599-026-06497-5,www.nature.com,6.48,6.08,5.38,4.85,7.54
"Clinical, social, and economic burdens of schizophrenia in Japan: a targeted literature review - Schizophrenia",https://www.nature.com/articles/s41537-025-00716-9,www.nature.com,6.73,6.14,4.99,4.47,5.93
Rethinking sepsis prediction in the era of large language models - npj Health Systems,https://www.nature.com/articles/s44401-025-00062-z,www.nature.com,4.85,6.17,4.02,6.51,7.67
How does the digital economy reshape the geographical patterns of manufacturing enterprises? Empirical evidence from China - Humanities and Social Sciences Communications,https://www.nature.com/articles/s41599-025-06106-x,www.nature.com,6.19,6.72,6.09,5.21,7.11
The effects of shoulder abduction angle and elastic band resistance on shoulder muscle activity during external rotation exercises - Scientific Reports,https://www.nature.com/articles/s41598-025-34767-w,www.nature.com,6.13,6.06,6.12,4.77,5.93
Excluding PLND in favourable intermediate-risk prostate cancer: a PSMA-PET-directed perspective - Nature Reviews Urology,https://www.nature.com/articles/s41585-025-01105-8,www.nature.com,6.6,7.77,6.42,3.95,7.53
An LLM chatbot to facilitate primary-to-specialist care transitions: a randomized controlled trial - Nature Medicine,https://www.nature.com/articles/s41591-025-04176-7,www.nature.com,4.79,5.71,4.35,5.08,7.43
Left atrioventricular coupling in isolated pediatric mitral valve prolapse with preserved ejection fraction and moderate regurgitation - Scientific Reports,https://www.nature.com/articles/s41598-025-33951-2,www.nature.com,6.43,7.38,5.86,4.3,7.06
Enhancing carbon sinks in China using a spatially-optimized forestation strategy - Nature Communications,https://www.nature.com/articles/s41467-026-68288-5,www.nature.com,5.02,6.75,5.43,6.21,7.19
I see Mozambique’s baboons as windows into hominid evolution,https://www.nature.com/articles/d41586-025-04153-7,www.nature.com,6.81,6.95,5.9,4.68,6.06
Learning words in context - Nature Reviews Psychology,https://www.nature.com/articles/s44159-025-00526-x,www.nature.com,6.9,6.0,5.13,6.44,5.95
Philosophical stances in information systems research: a case analysis and critical reflection - Humanities and Social Sciences Communications,https://www.nature.com/articles/s41599-025-06427-x,www.nature.com,6.68,6.16,5.93,4.74,6.97
Cereblon induces G3BP2 neosubstrate degradation using molecular surface mimicry - Nature Structural & Molecular Biology,https://www.nature.com/articles/s41594-025-01738-8,www.nature.com,5.14,6.83,5.17,4.68,5.74
Hepatic tryptophan metabolism links chronic stress to liver cancer - Nature Metabolism,https://www.nature.com/articles/s42255-025-01446-z,www.nature.com,5.0,6.53,4.58,4.74,7.48
Beyond the Global Plastics Treaty - Nature Reviews Earth & Environment,https://www.nature.com/articles/s43017-025-00752-0,www.nature.com,6.62,6.6,5.66,4.57,7.18
Management of Charles Bonnet syndrome in routine eye care services - Eye,https://www.nature.com/articles/s41433-025-04215-0,www.nature.com,6.63,6.79,4.58,4.68,7.06
Impacts of global warming on coastal flood risk to European surface transport infrastructure - Nature Climate Change,https://www.nature.com/articles/s41558-025-02518-4,www.nature.com,6.48,6.69,5.3,4.84,6.92
Global risk pooling mitigates financial risk from drought in hydropower-dependent countries - Nature Communications,https://www.nature.com/articles/s41467-025-67082-z,www.nature.com,6.46,6.85,6.35,4.57,7.23
Segmented filamentous bacteria in the gut protect against secondary bacterial infections in the lung - Nature Reviews Immunology,https://www.nature.com/articles/s41577-026-01271-9,www.nature.com,6.71,6.63,5.61,4.38,7.26
The energy source is not the deciding factor - Nature Water,https://www.nature.com/articles/s44221-025-00557-x,www.nature.com,6.77,7.07,6.56,4.17,7.55
High-resolution cryo-EM meets parasitology in structural models of the conoid from Toxoplasma - Nature Structural & Molecular Biology,https://www.nature.com/articles/s41594-025-01729-9,www.nature.com,6.46,6.46,6.37,4.44,6.64
Powerful people - Nature Climate Change,https://www.nature.com/articles/s41558-025-02347-5,www.nature.com,6.89,7.15,5.88,5.8,7.36
"Assemblable thermoelectric Lego blocks for reconfigurable, self-healing, and flexible power generators - npj Flexible Electronics",https://www.nature.com/articles/s41528-026-00534-8,www.nature.com,6.49,6.63,6.16,4.59,6.13
Land use and soil drainage interactions drive macroinvertebrates and diatoms composition but not their diversity - Scientific Reports,https://www.nature.com/articles/s41598-025-34684-y,www.nature.com,6.41,6.68,6.76,5.18,7.0
A cultural memory semiotics and function behavior structure model for digital inheritance and innovation in AI generated Huizhou woodcarving images - Scientific Reports,https://www.nature.com/articles/s41598-026-35360-5,www.nature.com,7.43,5.91,5.58,6.18,7.53
Kinetics of vacancy-assisted reversible phase transition in monolayer MoTe2 - Communications Materials,https://www.nature.com/articles/s43246-026-01078-0,www.nature.com,7.53,6.47,6.42,4.26,7.07
Culturally responsive assessment in mathematical word problems and numerical cognition in multilingual education - Scientific Reports,https://www.nature.com/articles/s41598-026-35864-0,www.nature.com,6.15,6.22,4.66,6.19,6.41
Mysterious ‘little red dots’ could be black holes in disguise,https://www.nature.com/articles/d41586-025-04089-y,www.nature.com,6.66,6.8,6.61,6.01,6.17
Pore-forming venoms as a senolytic strategy - Nature Aging,https://www.nature.com/articles/s43587-026-01070-w,www.nature.com,7.06,6.82,5.78,4.52,7.36
Flexible semiconductor arrays for high-fidelity neural recording - Nature Sensors,https://www.nature.com/articles/s44460-025-00019-7,www.nature.com,7.07,6.52,6.2,4.3,7.37
"Ridicule, deconstruction, reflection, and identity: Christian elements and thematic expression in Feng Xiaogang’s films - Humanities and Social Sciences Communications",https://www.nature.com/articles/s41599-025-05438-y,www.nature.com,6.29,6.04,5.69,5.02,6.92
The import of biological research material is a silent barrier to biotechnology in the Global South - Nature Biotechnology,https://www.nature.com/articles/s41587-025-02903-6,www.nature.com,6.72,6.44,5.81,4.2,7.45
Gifted dogs learn new words by overhearing humans,https://www.nature.com/articles/d41586-026-00112-y,www.nature.com,7.37,5.54,5.52,4.22,7.42
Palmitic acid-triggered B7H3 palmitoylation promotes immune escape - Nature Communications,https://www.nature.com/articles/s41467-026-68525-x,www.nature.com,6.71,6.84,4.67,4.9,7.48
Connecting to improve drug discovery - Nature Cardiovascular Research,https://www.nature.com/articles/s44161-025-00760-9,www.nature.com,7.25,6.77,5.51,4.33,7.66
A systems engineering approach to enhance utilization of renewable energy - Nature Reviews Electrical Engineering,https://www.nature.com/articles/s44287-025-00253-8,www.nature.com,6.89,7.18,6.37,4.66,7.48
"The river Rhine transports around 4,000 tonnes of macrolitter towards the North Sea each year - Communications Sustainability",https://www.nature.com/articles/s44458-025-00007-5,www.nature.com,6.52,6.08,6.39,4.96,7.23
"The polygenic, omnigenic and stratagenic models of complex disease risk - Nature Genetics",https://www.nature.com/articles/s41588-025-02467-w,www.nature.com,7.24,6.59,5.09,4.51,7.71
The new vision from the National Institute of Allergy and Infectious Diseases (NIAID) - Nature Medicine,https://www.nature.com/articles/s41591-025-04160-1,www.nature.com,6.95,7.32,5.94,4.13,7.63
Assessment of multiple outcomes of habitat models can significantly affect conservation decisions for threatened species - Scientific Reports,https://www.nature.com/articles/s41598-026-35987-4,www.nature.com,6.37,6.53,6.33,6.14,5.8
Human contributions to evapotranspiration mitigate swings in dry-to-wet year transitions - Communications Sustainability,https://www.nature.com/articles/s44458-025-00002-w,www.nature.com,5.27,6.78,5.51,5.88,5.98
A green patina unlocking cities’ potential to adapt to climate change - Nature Cities,https://www.nature.com/articles/s44284-025-00358-z,www.nature.com,6.4,6.98,7.02,5.65,7.04
Mechanical properties and energy evolution of cemented tailings-rock powder backfill under uniaxial compression: effect of rock powder type and content - Scientific Reports,https://www.nature.com/articles/s41598-026-36436-y,www.nature.com,6.33,5.85,6.5,5.1,7.14
Data-driven classification of ordinary chondrites and asteroidal metal potential evaluation - Scientific Reports,https://www.nature.com/articles/s41598-026-35624-0,www.nature.com,6.37,5.8,5.25,4.02,7.03
The use of β-blockers after myocardial infarction: no doubts remain - Nature Reviews Cardiology,https://www.nature.com/articles/s41569-026-01252-4,www.nature.com,6.44,6.08,5.39,4.35,7.5
In silico design and immunoinformatics assessment of a multiepitope vaccine targeting borealpox virus - Scientific Reports,https://www.nature.com/articles/s41598-026-36680-2,www.nature.com,6.2,6.7,5.76,5.91,7.53
On the power of simple models: when emergent properties predict clinical outcomes - Nature Reviews Neuroscience,https://www.nature.com/articles/s41583-025-01011-3,www.nature.com,6.78,5.83,5.64,3.92,7.39
Marine darkwave as an event-based framework to assess unusual periods of reduced underwater light availability - Communications Earth & Environment,https://www.nature.com/articles/s43247-025-03023-4,www.nature.com,6.5,6.21,5.39,6.42,5.42
Changing paradigms through practice - Nature Food,https://www.nature.com/articles/s43016-025-01262-4,www.nature.com,6.39,6.2,6.02,4.98,6.72
Presuming public support for international sanctions: the European Union versus Russia (2022) - Humanities and Social Sciences Communications,https://www.nature.com/articles/s41599-025-06252-2,www.nature.com,6.72,6.35,5.57,4.22,7.29
Spatiotemporal assessment of multi hazard risk using graph based analysis for case studies in India - Scientific Reports,https://www.nature.com/articles/s41598-026-35925-4,www.nature.com,6.7,6.64,5.81,5.55,7.01
Stopping the next flu pandemic,https://www.nature.com/articles/d41586-025-03613-4,www.nature.com,6.01,6.85,5.37,5.78,7.32
School-based suicide prevention using the gatekeeper programme: a cluster-randomized trial - Nature Health,https://www.nature.com/articles/s44360-025-00037-2,www.nature.com,6.48,5.79,5.71,4.36,7.35
"Decoding miRNA-Mediated Immunoregulation in SARS-CoV-2, HBV, HIV, and HSV Infections - Genes & Immunity",https://www.nature.com/articles/s41435-026-00376-4,www.nature.com,6.75,7.36,6.08,4.11,7.23
Multi-modal ultrasound for evaluating structure and function of neurogenic bladder in pediatrics - Scientific Reports,https://www.nature.com/articles/s41598-026-35938-z,www.nature.com,6.66,6.7,5.75,4.05,7.34
"Accessibility evaluation of public service facilities in affordable housing communities in Hangzhou, China - Scientific Reports",https://www.nature.com/articles/s41598-026-36201-1,www.nature.com,6.14,5.86,6.55,4.66,6.86
Behavioural choices shape US indoor temperatures more than technology - Nature Energy,https://www.nature.com/articles/s41560-025-01950-2,www.nature.com,6.98,6.95,5.95,5.83,7.49
Standardizing the analysis and visualization of human energy expenditure data - Nature Metabolism,https://www.nature.com/articles/s42255-025-01445-0,www.nature.com,4.8,5.98,4.74,5.15,7.38
Multi-band circularly polarized patch antenna with CPW feed based on sunflower geometry and Gielis superformula for wireless communication - Scientific Reports,https://www.nature.com/articles/s41598-025-34433-1,www.nature.com,6.39,6.43,5.82,5.03,7.39
3D-printed intravaginal ring for infertility treatment - Nature Reviews Bioengineering,https://www.nature.com/articles/s44222-025-00272-y,www.nature.com,6.91,6.36,6.19,4.99,7.47
Influences of spoken and signed language on numerical cognition - Nature Reviews Psychology,https://www.nature.com/articles/s44159-025-00530-1,www.nature.com,5.61,6.32,4.4,6.34,6.1
Barriers and facilitators of implementing patient-reported outcome measures in clinical care using the CFIR-ERIC framework - Scientific Reports,https://www.nature.com/articles/s41598-026-35154-9,www.nature.com,4.95,6.61,5.13,5.96,7.2
A near-infrared Sn-Pb perovskite imager with monolithic integration - Light: Science & Applications,https://www.nature.com/articles/s41377-025-02127-y,www.nature.com,7.17,6.65,6.04,4.56,5.8
Symmetry in category systems across languages - Nature Communications,https://www.nature.com/articles/s41467-025-67463-4,www.nature.com,6.49,6.12,4.89,6.61,7.08
Population genomics reveals an ancient origin of heartworms in canids - Communications Biology,https://www.nature.com/articles/s42003-025-09250-x,www.nature.com,6.43,6.95,6.0,4.92,7.25
Discrepancies in Arctic-boreal lake area trends driven by sensitivity to dry conditions - Scientific Reports,https://www.nature.com/articles/s41598-026-35981-w,www.nature.com,4.79,5.96,5.17,5.33,6.1
Spatio-temporal metabolic alterations in cachexia - Nature Metabolism,https://www.nature.com/articles/s42255-025-01440-5,www.nature.com,5.11,5.72,4.29,5.91,7.56
Bearing the costs of a climate-safe food transition - Nature Food,https://www.nature.com/articles/s43016-025-01288-8,www.nature.com,6.28,4.94,4.8,4.75,6.25
Making progress on global health will need high-quality evidence,https://www.nature.com/articles/d41586-026-00073-2,www.nature.com,7.04,7.65,6.28,4.23,7.71
Base-edited CAR7 T cells are safe and efficacious in R/R T-ALL - Nature Reviews Clinical Oncology,https://www.nature.com/articles/s41571-025-01118-7,www.nature.com,6.9,6.9,5.89,3.74,7.73
The hidden cost of video-call glitches,https://www.nature.com/articles/d41586-025-03820-z,www.nature.com,6.33,5.95,5.01,6.13,7.08
Compressive strength prediction of carbonated recycled aggregate concrete using regression based machine learning models - Scientific Reports,https://www.nature.com/articles/s41598-026-36197-8,www.nature.com,6.61,6.34,5.57,5.64,7.19
Global water security threatened by rising inequality - Nature Geoscience,https://www.nature.com/articles/s41561-025-01905-y,www.nature.com,7.13,6.6,5.45,5.84,7.28
Carbon emission model and evaluation analysis of vehicle waste tire different recycling processes based on reducing environmental pollution - Scientific Reports,https://www.nature.com/articles/s41598-026-35688-y,www.nature.com,6.32,6.68,5.29,4.5,5.91
Risk assessment of earthquake online public opinion based on behavioral motivation - Scientific Reports,https://www.nature.com/articles/s41598-026-36051-x,www.nature.com,6.45,6.4,5.49,4.23,6.87
Surface water quality prediction via an MLA-Mamba hybrid neural network with GRPO optimization - Scientific Reports,https://www.nature.com/articles/s41598-026-36229-3,www.nature.com,5.12,6.48,4.16,6.39,7.06
G9a-mediated H3K9me2 orchestrates intestinal epithelial regeneration through epigenetic silencing of cell cycle-related genes - Nature Communications,https://www.nature.com/articles/s41467-026-68626-7,www.nature.com,5.35,6.79,5.03,5.16,5.89
The hidden microbial risk in fire hydrants - Nature Water,https://www.nature.com/articles/s44221-025-00562-0,www.nature.com,7.1,6.3,6.22,4.27,7.4
Urbanization signatures on climate and soils uncovered by crowd-sensed plants - Nature Cities,https://www.nature.com/articles/s44284-025-00378-9,www.nature.com,7.03,6.3,5.96,5.49,7.12
Extraordinarily long duration of Eocene geomagnetic polarity reversals - Communications Earth & Environment,https://www.nature.com/articles/s43247-026-03205-8,www.nature.com,6.62,6.65,5.11,5.45,5.46
Arctic driftwood proposal for durable carbon removal - npj Climate Action,https://www.nature.com/articles/s44168-025-00327-1,www.nature.com,6.36,6.64,5.61,5.14,5.99
Clouds as the driver of variability and colour changes in brown dwarf atmospheres - Nature Astronomy,https://www.nature.com/articles/s41550-025-02709-1,www.nature.com,6.42,6.41,6.68,6.25,5.6
Embryo geometry sets the tempo - Nature Physics,https://www.nature.com/articles/s41567-025-03136-9,www.nature.com,6.71,6.59,4.8,6.27,7.46
Structural equation modeling of safety integration and production pressure effects on safety performance in cement manufacturing - Scientific Reports,https://www.nature.com/articles/s41598-026-36696-8,www.nature.com,4.75,6.53,4.65,4.93,5.66
The need for a representative workforce to address the US behavioral health crisis - Nature Mental Health,https://www.nature.com/articles/s44220-025-00561-w,www.nature.com,6.53,6.99,5.39,4.65,7.39
Isolation and characterization of lactic acid bacteria from Heteropneustes fossilis for probiotic applications in aquaculture - Scientific Reports,https://www.nature.com/articles/s41598-026-35791-0,www.nature.com,7.17,6.02,5.57,5.8,7.04
“On the Road” in China: the cultural dynamics and the historical transformations of its Chinese retranslations (1962–2006) - Humanities and Social Sciences Communications,https://www.nature.com/articles/s41599-025-06406-2,www.nature.com,6.55,6.37,5.71,4.87,7.13
Inside the International Asteroid Warning Network - Nature Reviews Physics,https://www.nature.com/articles/s42254-025-00912-7,www.nature.com,6.76,5.59,6.06,4.53,7.32
Genome engineering for conservation might be a game changer but only with the incorporation of Indigenous voices - Nature Reviews Biodiversity,https://www.nature.com/articles/s44358-025-00118-w,www.nature.com,6.52,6.13,6.31,4.64,7.4
Biosensors characterize the routes taken by receptors to different active states,https://www.nature.com/articles/d41586-026-00011-2,www.nature.com,7.44,6.15,5.8,4.2,7.64
Cost and climate impact of healthy diets worldwide - Nature Food,https://www.nature.com/articles/s43016-025-01273-1,www.nature.com,6.15,4.98,5.4,4.87,7.16
PhD students’ taste for risk mirrors their supervisors’,https://www.nature.com/articles/d41586-026-00160-4,www.nature.com,6.46,7.08,4.52,4.98,7.63
Unregulated emotional risks of AI wellness apps - Nature Machine Intelligence,https://www.nature.com/articles/s42256-025-01051-5,www.nature.com,7.14,6.34,5.57,6.2,7.47
Cities aren’t built for women — it’s time to change that,https://www.nature.com/articles/d41586-025-03930-8,www.nature.com,6.7,6.39,6.92,5.55,7.12
Ratepayer-backed bonds for utility financings - Nature Energy,https://www.nature.com/articles/s41560-025-01755-3,www.nature.com,6.05,5.85,6.82,4.5,5.99
Fuel poverty risk at the end of life needs urgent attention - Nature Energy,https://www.nature.com/articles/s41560-025-01933-3,www.nature.com,7.23,6.61,6.12,4.4,7.48
"mJ-level 7-octave ultraflat white laser encompassing 200–25,000 nm - Light: Science & Applications",https://www.nature.com/articles/s41377-025-02142-z,www.nature.com,4.71,5.95,4.68,4.89,6.04
"US funding cuts harm aspiring young scientists, too",https://www.nature.com/articles/d41586-026-00182-y,www.nature.com,7.19,6.28,5.42,4.67,6.37
Marine protected areas as living labs? Lessons learned & future perspectives - npj Ocean Sustainability,https://www.nature.com/articles/s44183-025-00175-w,www.nature.com,7.21,6.34,5.19,5.41,7.24
A therapeutic glue that autonomously targets gut bleeding in inflammatory bowel disease - Nature Biotechnology,https://www.nature.com/articles/s41587-025-02976-3,www.nature.com,7.05,7.1,5.23,3.89,6.43
Gene regulatory network transitions reveal the central transcription factors in lung adenocarcinoma progression - npj Systems Biology and Applications,https://www.nature.com/articles/s41540-025-00640-9,www.nature.com,4.95,6.57,4.73,5.59,7.4
A clumped canopy architecture can increase crop yields while reducing N2O emissions - Nature Plants,https://www.nature.com/articles/s41477-025-02174-8,www.nature.com,6.47,6.58,6.7,5.01,6.02
The power of public and patient involvement in healthcare innovation - Nature Reviews Bioengineering,https://www.nature.com/articles/s44222-025-00315-4,www.nature.com,6.95,6.09,6.19,4.07,7.63
Boosting immunotherapy by restoring cryptic APC function - Cell Research,https://www.nature.com/articles/s41422-026-01219-7,www.nature.com,4.77,7.2,5.08,6.08,7.18
Association between self-regulatory modes and alexithymia mediated by mindfulness and cognitive reappraisal - Scientific Reports,https://www.nature.com/articles/s41598-026-35882-y,www.nature.com,7.38,6.04,5.72,4.18,7.44
LLMs behaving badly: mistrained AI models quickly go off the rails,https://www.nature.com/articles/d41586-025-04090-5,www.nature.com,4.52,5.85,3.58,7.77,7.14
Potassium-competitive acid blockers for the management of gastroesophageal reflux disease - Nature Reviews Gastroenterology & Hepatology,https://www.nature.com/articles/s41575-025-01166-5,www.nature.com,6.44,5.65,5.43,4.26,7.28
Eye-sidedness does not drive differences in growth and maturation in the Indian halibut (Psettodes erumei) from the Western Arabian Gulf - Scientific Reports,https://www.nature.com/articles/s41598-025-30930-5,www.nature.com,6.97,5.94,5.39,4.96,6.73
Identification of key factors for early detection of rheumatoid arthritis in primary care using machine learning - Scientific Reports,https://www.nature.com/articles/s41598-025-34158-1,www.nature.com,6.84,6.34,6.25,4.73,7.23
Dextran-based T-cell expansion nanoparticles for manufacturing CAR T cells with augmented efficacy - Nature Communications,https://www.nature.com/articles/s41467-025-67868-1,www.nature.com,7.14,5.68,6.1,4.58,7.63
Why citizen science is now essential for official statistics - Communications Sustainability,https://www.nature.com/articles/s44458-025-00008-4,www.nature.com,7.06,7.2,5.97,4.97,7.36
Managing the geopolitics of Europe’s fossil-fuel exit - Nature Energy,https://www.nature.com/articles/s41560-025-01957-9,www.nature.com,7.06,6.81,6.31,4.75,7.38
Hint recognition in Chinese and Russian diplomatic discourse using large language models - Scientific Reports,https://www.nature.com/articles/s41598-026-36338-z,www.nature.com,5.08,6.26,4.34,5.09,6.32
Behaviour without synapses: peptidergic signalling as a mode of behavioural coordination - Nature Reviews Neuroscience,https://www.nature.com/articles/s41583-026-01022-8,www.nature.com,6.52,6.91,4.45,6.38,6.98
Host m6A modifications shape microbiota that drives cell specific ferroptosis as a causal pathway to chronic respiratory diseases - Scientific Reports,https://www.nature.com/articles/s41598-026-36513-2,www.nature.com,6.56,6.69,5.75,5.29,7.3
"Even in space, telescopes can’t escape photobombers",https://www.nature.com/articles/d41586-025-03725-x,www.nature.com,6.29,5.48,4.8,6.77,6.2
Synthetic data and normative databases in generative artificial intelligence: preventing drift - Eye,https://www.nature.com/articles/s41433-025-04233-y,www.nature.com,7.11,6.46,5.95,3.91,7.77
Exploring the genomic population structure and history of Austroasiatic speakers in Mainland Southeast Asia - Communications Biology,https://www.nature.com/articles/s42003-025-09471-0,www.nature.com,6.5,6.65,5.33,5.0,7.18
Ancient pottery reveals early evidence of mathematical thinking,https://www.nature.com/articles/d41586-026-00069-y,www.nature.com,6.6,6.41,5.46,5.07,6.95
Disorder-specific alterations of transient oscillatory dynamics during sleep across cortical and subcortical networks - Scientific Reports,https://www.nature.com/articles/s41598-025-33669-1,www.nature.com,6.8,6.13,6.56,3.75,7.26
Distributed multi-parameter quantum metrology with a superconducting quantum network - Nature Communications,https://www.nature.com/articles/s41467-026-68535-9,www.nature.com,6.49,5.47,6.64,5.55,5.81
Biochemical principles of miRNA targeting in flies - Nature Communications,https://www.nature.com/articles/s41467-026-68360-0,www.nature.com,6.43,6.57,6.47,4.64,6.17
"Lactiplantibacillus plantarum Lp815 improves sleep and increases urinary GABA in a randomized, double-blind, placebo-controlled study of sleep disturbance - Scientific Reports",https://www.nature.com/articles/s41598-025-27861-6,www.nature.com,4.79,4.8,4.18,6.07,7.73
Understanding and rethinking identity through Luhmann’s system theory - Humanities and Social Sciences Communications,https://www.nature.com/articles/s41599-025-06408-0,www.nature.com,6.76,6.13,6.02,4.58,7.07
Double recombinant nOPV2 vaccine - Nature Microbiology,https://www.nature.com/articles/s41564-025-02228-9,www.nature.com,6.55,6.93,5.59,4.72,7.53
Kaolinite’s many lives - Nature Geoscience,https://www.nature.com/articles/s41561-025-01892-0,www.nature.com,6.61,6.47,6.17,4.69,7.2
"Aesculetin (6,7-dihydroxycoumarin) enhances the differentiation of human bone marrow-derived mesenchymal stem cells into functional hepatocyte-like cells - Scientific Reports",https://www.nature.com/articles/s41598-026-36084-2,www.nature.com,6.88,6.82,5.86,4.16,6.05
The Tervuren xylarium Wood Density Database (TWDD) - Scientific Data,https://www.nature.com/articles/s41597-026-06563-2,www.nature.com,6.48,6.72,6.5,6.17,7.08
Clarification of evidence selection for the framework for the pharmacological treatment of obesity and its complications from the EASO - Nature Medicine,https://www.nature.com/articles/s41591-025-04131-6,www.nature.com,6.44,5.18,5.38,4.86,7.54
The hidden role of waste pickers in climate resilience - Nature Human Behaviour,https://www.nature.com/articles/s41562-025-02349-5,www.nature.com,5.61,6.57,5.31,5.02,7.43
Effect of the health action process approach theory in patients undergoing total knee arthroplasty - Scientific Reports,https://www.nature.com/articles/s41598-025-34635-7,www.nature.com,7.31,6.59,6.25,5.76,7.23
Biochar boom-and-bust cycle - Nature Sustainability,https://www.nature.com/articles/s41893-025-01748-w,www.nature.com,4.92,6.13,5.22,4.84,7.24
The status and politics of bicycling in the cities of low- and middle-income countries - Nature Cities,https://www.nature.com/articles/s44284-025-00367-y,www.nature.com,6.19,5.6,7.16,4.66,7.15
A sex-specific brake on liver oestrogen signalling - Nature Metabolism,https://www.nature.com/articles/s42255-025-01427-2,www.nature.com,5.59,7.0,4.71,5.3,7.47
Removal of fluoride from groundwater using a zeolite A supported magnetite biochar composite - Scientific Reports,https://www.nature.com/articles/s41598-025-31370-x,www.nature.com,6.84,7.41,6.0,3.96,7.12
A just energy transition requires just-shoring critical materials - Nature Energy,https://www.nature.com/articles/s41560-025-01940-4,www.nature.com,6.16,6.69,6.6,4.58,6.4
Advances in AI-based patient stratification for rheumatic diseases - Nature Reviews Rheumatology,https://www.nature.com/articles/s41584-025-01337-3,www.nature.com,7.74,6.84,5.97,3.92,7.61
Balancing data collection and privacy protection in precision health - Nature Reviews Bioengineering,https://www.nature.com/articles/s44222-026-00404-y,www.nature.com,6.79,6.3,5.37,4.48,7.29
Artificial intelligence characters are dangerous without legal guardrails - Nature Human Behaviour,https://www.nature.com/articles/s41562-025-02375-3,www.nature.com,7.13,6.16,5.36,4.88,7.03
We need accountability in human–AI agent relationships - npj Artificial Intelligence,https://www.nature.com/articles/s44387-025-00041-7,www.nature.com,5.49,5.29,4.37,4.79,7.68
Blood glucose mediation of the association between SIRI and mortality in T2DM complicated with ischemic stroke - Scientific Reports,https://www.nature.com/articles/s41598-026-36789-4,www.nature.com,6.83,6.61,5.56,4.47,7.44
Key advances in perovskite solar cells in 2025 - Nature Reviews Clean Technology,https://www.nature.com/articles/s44359-025-00128-z,www.nature.com,6.63,7.43,6.41,4.36,7.73
A channel water temperature prediction method based on transfer learning and spatial-temporal graph neural networks - Scientific Reports,https://www.nature.com/articles/s41598-026-35408-6,www.nature.com,5.39,6.7,4.75,4.7,7.35
The US is quitting 66 global agencies: what does it mean for science?,https://www.nature.com/articles/d41586-026-00102-0,www.nature.com,7.05,6.64,6.64,4.85,7.28
Metabolic adaptation in CD4+ T cells promotes immunosuppression in sepsis - Nature Immunology,https://www.nature.com/articles/s41590-025-02403-4,www.nature.com,6.42,5.11,5.51,5.17,7.67
"Lesion-targeted, severity-responsive nanoparticle delivery for RNA therapy in osteoarthritis - Nature Nanotechnology",https://www.nature.com/articles/s41565-025-02067-z,www.nature.com,7.53,6.32,6.1,5.35,7.69
Genomic clues to the origin of eukaryotic cells,https://www.nature.com/articles/d41586-025-04094-1,www.nature.com,6.7,6.42,5.88,4.45,7.24
Purifying water with manual pumping - Nature Water,https://www.nature.com/articles/s44221-025-00572-y,www.nature.com,6.71,7.02,6.52,4.63,7.35
This shapeshifting polymer was inspired by octopus skin,https://www.nature.com/articles/d41586-026-00101-1,www.nature.com,7.06,6.15,5.63,6.15,7.44
Data science academic programs in the pre-ChatGPT erain the Midwestern United States: a curated dataset - Scientific Data,https://www.nature.com/articles/s41597-026-06553-4,www.nature.com,7.5,5.61,4.98,4.6,6.17
Carbon in river floodplains - Nature Climate Change,https://www.nature.com/articles/s41558-025-02341-x,www.nature.com,4.95,6.74,5.22,6.55,7.31
Optimizing unsupervised clustering of electrochemical impedance spectra via normalization and dimensionality reduction - Scientific Reports,https://www.nature.com/articles/s41598-026-35621-3,www.nature.com,6.87,5.47,6.39,5.27,6.56
AlphaFold can help African researchers to do cutting-edge structural biology,https://www.nature.com/articles/d41586-026-00072-3,www.nature.com,7.07,6.94,5.25,4.57,7.51
Spatiotemporal dynamic and driving factors of ecological resilience during urbanization in the yellow river basin - Scientific Reports,https://www.nature.com/articles/s41598-026-36358-9,www.nature.com,6.56,7.05,6.98,5.83,7.1
Bacteria break through one-micrometer-square passages by flagellar wrapping - Nature Communications,https://www.nature.com/articles/s41467-025-67507-9,www.nature.com,6.67,6.63,5.91,5.82,7.28
Politically knowledgeable ideologues believe they are less effective in political conversations - Humanities and Social Sciences Communications,https://www.nature.com/articles/s41599-025-06470-8,www.nature.com,6.6,6.02,4.79,5.09,7.81
Enhanced signal-to-noise ratio with exceptional-point phase sensing - Nature Electronics,https://www.nature.com/articles/s41928-025-01547-3,www.nature.com,7.0,5.6,6.2,4.42,6.92
Advances in PFAS treatment in water in 2025 - Nature Reviews Clean Technology,https://www.nature.com/articles/s44359-025-00126-1,www.nature.com,6.98,6.73,6.54,3.63,7.12
Six ways to empower African research and development for health - Nature Health,https://www.nature.com/articles/s44360-025-00015-8,www.nature.com,7.39,7.52,6.37,3.98,7.55
Surgical resection versus non-surgical treatments for hepatocellular carcinoma with macrovascular invasion - Scientific Reports,https://www.nature.com/articles/s41598-026-36937-w,www.nature.com,6.83,5.72,5.43,4.36,6.98
Restoration of ethanol-induced Bifidobacterium pseudocatenulatum depletion ameliorates alcohol-associated liver disease - npj Biofilms and Microbiomes,https://www.nature.com/articles/s41522-026-00913-z,www.nature.com,6.96,6.35,5.67,5.91,7.25
Functional and structural insights into interactions between β-Arrestin 1 and Gαs or Gαi1 - Nature Communications,https://www.nature.com/articles/s41467-026-68690-z,www.nature.com,6.73,6.97,5.67,4.46,7.28
Organic crystalline nanoparticles with a long-lived charge-separated state for efficient photocatalytic hydrogen production - Nature Chemistry,https://www.nature.com/articles/s41557-025-02035-z,www.nature.com,7.28,6.81,6.51,4.41,6.45
Multilevel evaluation of Prunus cerasifera Ehrh. rootstock candidates on nutritional and biochemical networks in ‘Hacıhaliloğlu’ apricot - Scientific Reports,https://www.nature.com/articles/s41598-026-36460-y,www.nature.com,6.31,6.87,5.93,5.59,6.65
Nationwide genetic screening proves effective at catching disease risk early,https://www.nature.com/articles/d41586-026-00035-8,www.nature.com,6.61,7.46,5.53,4.31,7.57
Briefing Chat: Can NASA return rocks from Mars? And why dogs have long ears,https://www.nature.com/articles/d41586-026-00194-8,www.nature.com,6.2,6.74,4.81,6.17,7.29
Environmental impacts from European food consumption can be reduced with carbon pricing or a value-added tax reform - Nature Food,https://www.nature.com/articles/s43016-025-01284-y,www.nature.com,4.76,5.46,5.08,5.2,7.38
Projected warming will exceed the long-term thermal limits of rice cultivation - Communications Earth & Environment,https://www.nature.com/articles/s43247-025-03108-0,www.nature.com,4.84,6.04,5.49,5.54,5.89
Hotspot RPL3L variants drive early onset heart failure through a dual mechanism - Nature Cardiovascular Research,https://www.nature.com/articles/s44161-025-00772-5,www.nature.com,6.16,6.56,5.91,4.54,5.72
The relevant influencing factors of self injury among patients in psychiatry outpatient clinic of general hospital - Scientific Reports,https://www.nature.com/articles/s41598-025-34670-4,www.nature.com,6.69,5.69,5.74,4.5,6.9
Mistaken identity and the psychology of human recognition,https://www.nature.com/articles/d41586-026-00190-y,www.nature.com,6.62,5.75,5.32,6.61,5.76
Marine heatwaves are transforming Western mediterranean marine ecosystems - Scientific Reports,https://www.nature.com/articles/s41598-026-35813-x,www.nature.com,6.39,6.4,4.9,6.35,5.84
Sex differences in foraging ecology of the chick rearing Brünnich’s Guillemots (Uria lomvia) breeding in a High Arctic colony - Scientific Reports,https://www.nature.com/articles/s41598-026-36586-z,www.nature.com,6.81,4.96,5.68,4.37,6.95
Content compensation design for older adults’ perceived health information comprehension based on large language models: a random experiment in China - Humanities and Social Sciences Communications,https://www.nature.com/articles/s41599-025-06291-9,www.nature.com,7.27,5.54,5.64,6.06,7.34
SH3 domains selectively activate the PI3 kinase through non-conventional tertiary contacts - Communications Biology,https://www.nature.com/articles/s42003-026-09540-y,www.nature.com,6.23,6.47,5.65,4.87,7.22
Green microfinance: Africa’s path to resilience - Humanities and Social Sciences Communications,https://www.nature.com/articles/s41599-026-06530-7,www.nature.com,4.73,6.42,5.52,6.3,7.12
Battery-electric passenger vehicles will be cost-effective across Africa well before 2040 - Nature Energy,https://www.nature.com/articles/s41560-025-01955-x,www.nature.com,7.07,6.3,6.56,4.69,7.7
Health risks of oil and gas development - Nature Reviews Nephrology,https://www.nature.com/articles/s41581-026-01050-8,www.nature.com,7.26,6.37,5.48,4.43,7.4
Mitochondrial asymmetry shifts T cell fate - Nature Cell Biology,https://www.nature.com/articles/s41556-025-01841-4,www.nature.com,7.17,6.63,5.65,4.88,5.65
Predicting tourism growth in Saudi Arabia with machine learning models for vision 2030 perspective - Scientific Reports,https://www.nature.com/articles/s41598-025-32509-6,www.nature.com,6.46,6.66,4.59,4.53,7.33
Jellyfish sleep like humans — even though they don’t have brains,https://www.nature.com/articles/d41586-026-00044-7,www.nature.com,6.74,5.93,5.77,4.75,7.05
Modeling tissue-specific Drosophila metabolism identifies high sugar diet-induced metabolic dysregulation in muscle at reaction and pathway levels - Nature Communications,https://www.nature.com/articles/s41467-026-68395-3,www.nature.com,7.48,6.13,5.25,4.72,7.66
Evaluation of ChatGPT-4o and Gemini for gout management: a comparative analysis based on EULAR guidelines - Scientific Reports,https://www.nature.com/articles/s41598-026-35166-5,www.nature.com,4.77,5.37,4.15,4.34,7.69
Metabolic reprogramming enhances oxidative stress resistance in differentiating cardiomyocytes - Scientific Reports,https://www.nature.com/articles/s41598-026-35263-5,www.nature.com,7.19,6.58,5.81,5.77,7.16
Avoiding affection in Kaathal—The Core: homosexuality sanitized for family audiences - Humanities and Social Sciences Communications,https://www.nature.com/articles/s41599-025-06304-7,www.nature.com,6.68,6.38,5.79,4.6,7.31
Effectiveness of a hierarchical pharmacist management model on reducing hyperphosphatemia in hemodialysis patients in China: a multicenter randomized study - Scientific Reports,https://www.nature.com/articles/s41598-025-34974-5,www.nature.com,6.33,5.49,5.93,4.96,7.5
From superstition to generosity: the role of executives’ luck belief in corporate charitable donations in China - Humanities and Social Sciences Communications,https://www.nature.com/articles/s41599-025-06045-7,www.nature.com,5.52,6.6,4.08,5.39,5.37
How Rwanda is preparing its health system for the climate crisis - Nature Health,https://www.nature.com/articles/s44360-025-00006-9,www.nature.com,6.47,6.72,5.88,5.79,7.54
The relevance of classic language models in the age of AI - Nature Reviews Psychology,https://www.nature.com/articles/s44159-025-00508-z,www.nature.com,6.9,6.41,5.56,6.5,5.96
Unbiased clustering of acute-on-chronic liver failure patients using machine learning in a real-world ICU cohort - Nature Communications,https://www.nature.com/articles/s41467-026-68368-6,www.nature.com,4.92,6.55,4.76,6.18,7.38
Diverging maturity and converging challenges of water and CO₂ electrolysis in 2025 - Nature Reviews Clean Technology,https://www.nature.com/articles/s44359-025-00132-3,www.nature.com,7.25,6.72,6.42,4.1,7.44
Tracing dynamic arrest - Nature Physics,https://www.nature.com/articles/s41567-025-03159-2,www.nature.com,6.61,6.39,6.31,4.24,6.76
The oldest sepioid cephalopod from the Cretaceous discovered by Digital fossil-mining with zero-shot learning AI - Communications Biology,https://www.nature.com/articles/s42003-026-09519-9,www.nature.com,6.87,6.23,5.7,6.32,7.04
Reconstruction of Extreme Sea Levels in coastal China using Multiple Deep Learning models - Scientific Data,https://www.nature.com/articles/s41597-026-06593-w,www.nature.com,5.13,7.07,4.64,6.27,7.24
Response to ‘Non-profits wade in where for-profit life science investment fears to tread’ - Nature Biotechnology,https://www.nature.com/articles/s41587-025-02981-6,www.nature.com,7.76,7.16,5.87,3.45,7.73
"A bibliometric analysis of governance, risk, and compliance (GRC): trends, themes, and future directions - Humanities and Social Sciences Communications",https://www.nature.com/articles/s41599-025-06194-9,www.nature.com,6.83,6.32,5.89,5.72,5.8
Same-sex sexual behaviour can help primates to survive — and reproduce,https://www.nature.com/articles/d41586-026-00119-5,www.nature.com,6.68,6.3,6.24,4.33,7.26
From models to molecules: self-organized and instructed modes of developmental patterning - Nature Reviews Genetics,https://www.nature.com/articles/s41576-025-00925-z,www.nature.com,7.3,6.22,5.98,5.57,7.37
Calibrated AI for nAMD monitoring with transport validation and actionable thresholds - Eye,https://www.nature.com/articles/s41433-025-04236-9,www.nature.com,5.17,6.6,4.39,4.46,7.35
A study on the coupling mechanism between the urban environment and depression perception based on deep learning and street view image - Scientific Reports,https://www.nature.com/articles/s41598-026-36804-8,www.nature.com,7.7,6.55,6.47,5.69,7.49
HumanBase: an interactive AI platform for human biology - Nature Methods,https://www.nature.com/articles/s41592-025-02994-8,www.nature.com,7.4,7.09,4.72,4.7,7.78
Heterogeneous sympathetic control of brown adipose tissue - Nature Metabolism,https://www.nature.com/articles/s42255-025-01435-2,www.nature.com,6.3,5.56,5.53,4.5,6.54
Anthropogenic climate change leads to a pronounced reorganisation of wintertime North Atlantic atmospheric circulation regimes - Communications Earth & Environment,https://www.nature.com/articles/s43247-026-03180-0,www.nature.com,4.74,6.49,4.99,6.35,7.2
Improving erectile function in diabetic male mice by rescuing depalmitoylated FBP1 to reduce cavernosal lactate - Nature Communications,https://www.nature.com/articles/s41467-026-68443-y,www.nature.com,6.9,6.9,5.63,5.58,7.56
Disentangling the role of environmental factors in the CKDu epidemic - Nature Reviews Nephrology,https://www.nature.com/articles/s41581-026-01054-4,www.nature.com,6.8,6.89,5.47,5.55,7.49
Aged skin exacerbates experimental osteoarthritis via enhanced IL-36R signaling - Nature Communications,https://www.nature.com/articles/s41467-026-68399-z,www.nature.com,5.52,6.38,5.14,6.38,7.24
A mysterious ancient fingerprint and a lemon-shaped planet — the stories you’ve missed,https://www.nature.com/articles/d41586-026-00053-6,www.nature.com,6.48,7.21,5.87,6.1,7.36
Placebo effect influences vaccine responses - Nature Medicine,https://www.nature.com/articles/s41591-025-04168-7,www.nature.com,6.75,5.32,4.2,5.84,7.51
Nationwide genomic surveillance of carbapenem- and colistin-resistant Klebsiella pneumoniae bloodstream isolates in Thailand (2020–2024) - Scientific Reports,https://www.nature.com/articles/s41598-026-36228-4,www.nature.com,6.62,7.14,5.95,4.36,7.31
"Double-dose firmonertinib as first-line treatment in patients with locally advanced or metastatic non-small-cell lung cancer harboring EGFR L858R mutation: a prospective, multicenter, phase II study (FIRM) - Nature Communications",https://www.nature.com/articles/s41467-026-68554-6,www.nature.com,5.58,6.84,4.76,4.54,6.1
The prognostic significance of metastasis to No. 253 lymph node in stage III rectal cancer based on a bicenter retrospective study - Scientific Reports,https://www.nature.com/articles/s41598-026-35920-9,www.nature.com,5.09,7.3,4.98,5.65,7.2
"The democratization dilemma: When everyone is an expert, who do we trust? - Humanities and Social Sciences Communications",https://www.nature.com/articles/s41599-025-04734-x,www.nature.com,5.5,6.69,4.69,5.1,6.15
Multiplying matrices in a single pass with light - Nature Photonics,https://www.nature.com/articles/s41566-025-01828-5,www.nature.com,6.75,7.14,5.72,4.14,7.13
Measuring electrooculograms of a simulated underwater diver by utilizing conductivity of seawater - Scientific Reports,https://www.nature.com/articles/s41598-026-35528-z,www.nature.com,6.91,6.57,6.16,3.82,7.6
Discovering the laws behind complex networked systems - Nature Computational Science,https://www.nature.com/articles/s43588-025-00929-z,www.nature.com,7.05,6.4,5.59,5.72,7.18
Do you have a side hustle alongside your PhD studies? Take Nature’s poll,https://www.nature.com/articles/d41586-026-00145-3,www.nature.com,7.33,6.66,5.62,4.39,6.01
Evaluation of drip and flood irrigated treatments under varying heat stress on winter wheat: a four-seasons experimental study - Scientific Reports,https://www.nature.com/articles/s41598-026-36458-6,www.nature.com,6.03,6.59,6.51,5.67,5.61
In vitro release kinetics and in vivo plasma exposure of green tea polyphenols and caffeine from iron oxide Chitosan nanoparticles - Scientific Reports,https://www.nature.com/articles/s41598-025-34828-0,www.nature.com,6.97,6.17,6.14,5.33,7.62
Drone docks for automated forest phenology monitoring - Nature Reviews Earth & Environment,https://www.nature.com/articles/s43017-026-00759-1,www.nature.com,7.05,6.53,5.87,5.65,7.12
From 1995 to now: the endophthalmitis vitrectomy study and the need for a contemporary evidence base - Eye,https://www.nature.com/articles/s41433-025-04091-8,www.nature.com,6.68,6.81,6.08,4.11,5.81
Clinically-guided models or foundation models? predicting cervical spondylotic myelopathy from electronic health records - npj Digital Medicine,https://www.nature.com/articles/s41746-026-02337-7,www.nature.com,6.9,7.11,5.55,4.6,5.99
Collaborative encounters? Two recent Spanish takes on the Shakespeare–Cervantes relationship - Humanities and Social Sciences Communications,https://www.nature.com/articles/palcomms201633,www.nature.com,6.9,6.25,5.57,5.9,7.04
Using interdisciplinary dialogue to understand the influence of identities on undergraduate research experiences - Humanities and Social Sciences Communications,https://www.nature.com/articles/s41599-026-06499-3,www.nature.com,7.71,7.35,6.22,4.88,7.63
C1q-dependent clearance of alpha-synuclein allows macrophages to transiently limit enteric synucleinopathy in male mice - Nature Communications,https://www.nature.com/articles/s41467-026-68641-8,www.nature.com,4.76,6.49,5.05,4.87,7.03
Cities are embracing nature for flood defence,https://www.nature.com/articles/d41586-025-03927-3,www.nature.com,6.45,6.81,6.21,5.83,7.38
Analysis of the spatial-temporal distribution and functional morphology of telocytes in goat testes - Scientific Reports,https://www.nature.com/articles/s41598-026-36639-3,www.nature.com,6.68,7.11,5.42,5.16,6.17
Russia’s invasion of Ukraine: a test for international law - Nature Human Behaviour,https://www.nature.com/articles/s41562-022-01402-x,www.nature.com,7.52,6.92,5.27,4.63,7.35
Energy intensive industry upgrading: the empirical analysis based on global value chain and product space - Humanities and Social Sciences Communications,https://www.nature.com/articles/s41599-025-06191-y,www.nature.com,6.69,6.29,6.0,4.61,7.48
Understanding purchase intention for genAI-enabled museum cultural and creative products using a SOR model - Scientific Reports,https://www.nature.com/articles/s41598-026-36224-8,www.nature.com,6.79,5.47,5.19,6.08,7.26
The R451 site is critical for PTPN18 to exert tumor suppressive effects in breast cancer through the negative regulatory interacting protein fibrillarin - Cell Death & Disease,https://www.nature.com/articles/s41419-025-08395-1,www.nature.com,6.46,6.73,5.11,5.73,7.28
Emergency mental health co-responders reduce involuntary psychiatric detentions in the USA - Nature Human Behaviour,https://www.nature.com/articles/s41562-025-02339-7,www.nature.com,6.72,5.16,6.51,4.14,7.29
The chatbots claiming to be Jesus: spreading gospel or heresy?,https://www.nature.com/articles/d41586-025-02987-9,www.nature.com,7.47,6.67,5.14,4.92,7.55
Inclusive writing in the social sciences - Nature Reviews Psychology,https://www.nature.com/articles/s44159-025-00488-0,www.nature.com,7.03,6.21,6.64,5.84,7.21
Mapping the science–technology translational landscape in biomedicine - Nature Biotechnology,https://www.nature.com/articles/s41587-025-02962-9,www.nature.com,7.52,6.47,5.37,4.15,7.61
Emotion recognition from faces and bodies in Parkinson’s disease and its relationship to MRI-based brain volumetry - Scientific Reports,https://www.nature.com/articles/s41598-026-35889-5,www.nature.com,6.91,6.25,5.73,4.44,7.23
The causes of the causes: Aboriginal and Torres Strait Islander oral health and the neoliberalisation of Australia’s dental health system - Humanities and Social Sciences Communications,https://www.nature.com/articles/s41599-024-04207-7,www.nature.com,6.47,6.64,7.02,5.22,7.27
Assessing decadal changes in human exposure near wildfires in a Mediterranean region - Scientific Reports,https://www.nature.com/articles/s41598-026-35426-4,www.nature.com,6.75,7.06,5.53,5.87,7.12
The role of the lymphatic system in musculoskeletal system health and disease: research progress and future directions - Bone Research,https://www.nature.com/articles/s41413-025-00479-0,www.nature.com,6.89,6.58,5.97,4.23,7.64
Variations in carbon flux allocation among cassava (Manihot esculenta) cultivars arise from balanced competition between starch accumulation and structural component development - Communications Biology,https://www.nature.com/articles/s42003-026-09556-4,www.nature.com,5.09,5.98,5.03,5.94,7.17
"Materials science, 10 years on - Nature Reviews Materials",https://www.nature.com/articles/s41578-025-00881-4,www.nature.com,6.93,6.45,6.05,3.99,6.31
Robust generation of clinically applicable human pluripotent stem cells from peripheral blood by chemical reprogramming - Cell Discovery,https://www.nature.com/articles/s41421-025-00852-7,www.nature.com,6.9,6.95,6.12,3.75,6.73
Prognostic role of CDCA3 in lung adenocarcinoma with immune infiltration - Scientific Reports,https://www.nature.com/articles/s41598-025-34254-2,www.nature.com,6.66,6.36,4.71,5.28,7.18
Sphingolipid signaling links elastin deficiency to arterial hyper-muscularization and congenital heart disease - Nature Cardiovascular Research,https://www.nature.com/articles/s44161-025-00763-6,www.nature.com,6.3,7.19,4.83,4.7,7.08
Holistic approaches to explain and combat obesity - Nature Metabolism,https://www.nature.com/articles/s42255-024-01197-3,www.nature.com,6.99,6.33,4.9,6.07,7.48
Building mechanochemistry into soft biomaterials - Nature Reviews Bioengineering,https://www.nature.com/articles/s44222-026-00406-w,www.nature.com,7.43,6.68,5.96,3.65,7.39
"Placemaking through the invisible: Nyau rituals, spiritual citizenship, and the politics of space among migrants in peri-urban Zimbabwe - Humanities and Social Sciences Communications",https://www.nature.com/articles/s41599-025-06254-0,www.nature.com,6.39,6.27,6.52,5.01,6.94
AI can turbocharge scientists’ careers — but limit their scope,https://www.nature.com/articles/d41586-026-00162-2,www.nature.com,7.03,7.2,5.64,5.27,7.57
IGF2BP3-dependent glutamine/BCAA metabolic rewiring rejuvenates aged human adipose-derived stem cells for enhanced tissue regeneration - Cell Discovery,https://www.nature.com/articles/s41421-025-00860-7,www.nature.com,6.94,6.87,6.14,4.28,5.93
How online studies must increase their defences against AI - Communications Psychology,https://www.nature.com/articles/s44271-025-00388-2,www.nature.com,6.86,5.3,5.01,4.88,7.43
Brazil’s COP30 legacy should be to protect more of its forests,https://www.nature.com/articles/d41586-025-03361-5,www.nature.com,6.8,6.83,6.33,5.84,7.27
Revisiting type 1 diabetes progression in the non-obese diabetic mouse - Scientific Reports,https://www.nature.com/articles/s41598-026-35483-9,www.nature.com,6.91,6.85,5.44,5.13,7.36
Assembling unregulated DNA segments bypasses synthesis screening: regulate fragments as select agents - Nature Communications,https://www.nature.com/articles/s41467-025-67955-3,www.nature.com,6.37,6.45,5.96,4.34,7.43
GLP-1 receptor agonism counteracts omics aging in mice - Nature Aging,https://www.nature.com/articles/s43587-025-01063-1,www.nature.com,6.83,6.88,4.84,6.33,7.57
Foundation model embeddings for multimodal oncology data integration - npj Digital Medicine,https://www.nature.com/articles/s41746-025-02312-8,www.nature.com,5.68,6.58,4.29,6.37,7.97
Environmental stewardship and health systems: Indigenous-centred reflections - Nature Reviews Nephrology,https://www.nature.com/articles/s41581-026-01049-1,www.nature.com,7.22,7.06,6.38,5.58,7.44
Loss of the CoA-degrading enzyme NUDT19 exacerbates albuminuria and disrupts renal lipid homeostasis in high fat diet-fed mice - Scientific Reports,https://www.nature.com/articles/s41598-026-36136-7,www.nature.com,6.49,6.54,5.48,6.43,7.32
Oral anticoagulant therapy after ablation for atrial fibrillation - Nature Reviews Cardiology,https://www.nature.com/articles/s41569-026-01248-0,www.nature.com,6.52,6.22,6.27,3.86,7.49
Ligand-controlled regiodivergent and enantioselective C–H cyanation of secondary amines - Nature Communications,https://www.nature.com/articles/s41467-026-68598-8,www.nature.com,6.91,6.54,6.28,3.82,5.27
An interstellar energetic and non-aqueous pathway to peptide formation - Nature Astronomy,https://www.nature.com/articles/s41550-025-02765-7,www.nature.com,6.75,6.99,4.98,4.72,5.36
The impact of digital literacy on women’s wage income: evidence from China - Humanities and Social Sciences Communications,https://www.nature.com/articles/s41599-025-06477-1,www.nature.com,6.68,5.72,5.96,4.69,7.22
Low resistance p-type contacts to monolayer WSe2 through chlorinated solvent doping - Nature Communications,https://www.nature.com/articles/s41467-025-65604-3,www.nature.com,6.74,6.54,6.58,4.25,5.96
HPV vaccine could help to protect the unvaccinated against cervical cancer,https://www.nature.com/articles/d41586-026-00128-4,www.nature.com,6.48,6.33,5.78,4.38,7.51
"I’m going to halve my publication output. You should consider slow science, too",https://www.nature.com/articles/d41586-025-04061-w,www.nature.com,6.45,6.72,6.07,4.9,6.03
Ageing rewires the body’s tolerance to infection,https://www.nature.com/articles/d41586-025-04091-4,www.nature.com,6.78,6.55,6.04,6.19,7.33
The undervaluing of elite women in physics - Nature Physics,https://www.nature.com/articles/s41567-025-03114-1,www.nature.com,7.19,5.54,6.53,4.48,7.09
Beyond conformity: exploring the moderated role of peer effects in shaping business model innovation amid public opinion uncertainty - Humanities and Social Sciences Communications,https://www.nature.com/articles/s41599-025-06460-w,www.nature.com,6.6,6.39,5.56,5.07,5.41
Bottom-up mesoscopic coarse-graining of soft matter - Nature Reviews Physics,https://www.nature.com/articles/s42254-025-00915-4,www.nature.com,7.02,6.86,6.52,3.98,6.95
The growing public health problem of sugar-sweetened beverage consumption and promising strategies to reduce its burden - Nature Food,https://www.nature.com/articles/s43016-025-01289-7,www.nature.com,6.44,5.35,5.6,4.65,7.34
Operando nuclear magnetic resonance decodes alkali-tuned proton-electron relay boosting CO2-to-formate conversion - Nature Communications,https://www.nature.com/articles/s41467-026-68604-z,www.nature.com,7.27,6.29,5.58,4.41,7.02
Tailoring Australian carbon farming can realise greater co-benefits - Nature Communications,https://www.nature.com/articles/s41467-026-68628-5,www.nature.com,6.24,6.41,5.56,6.02,6.86
A conversation-analytic perspective of repair initiation in ESL classroom interactions - Humanities and Social Sciences Communications,https://www.nature.com/articles/s41599-025-06178-9,www.nature.com,6.34,6.58,4.68,5.0,7.22
The future of interpersonal violence research: Steps towards interdisciplinary integration - Humanities and Social Sciences Communications,https://www.nature.com/articles/s41599-024-03760-5,www.nature.com,6.98,6.99,5.79,4.35,7.68
"Ultralight, mechanically robust, water stable MXene–chitosan aerogels for concurrent dye adsorption and antibacterial filtration at low MXene loading - npj Clean Water",https://www.nature.com/articles/s41545-025-00551-6,www.nature.com,7.63,6.95,6.15,4.04,7.69
Redirecting mast cells for antigen-specific cancer immunotherapy,https://www.nature.com/articles/d41573-026-00008-6,www.nature.com,7.04,6.65,4.94,4.16,7.55
How much protein do you actually need?,https://www.nature.com/articles/d41586-026-00151-5,www.nature.com,7.38,5.99,6.01,4.13,7.61
Forecasting the number of sunspots for solar cycle 25 utilizing the facebook prophet model - Scientific Reports,https://www.nature.com/articles/s41598-025-33819-5,www.nature.com,4.84,7.16,4.0,5.1,5.86
Interdisciplinarity and anxiety - Humanities and Social Sciences Communications,https://www.nature.com/articles/palcomms201521,www.nature.com,7.01,7.26,5.96,4.57,7.46
Too much efficiency leads to delays - Nature Reviews Physics,https://www.nature.com/articles/s42254-024-00787-0,www.nature.com,6.14,5.12,5.12,4.69,5.85
The psychology of health - Communications Psychology,https://www.nature.com/articles/s44271-025-00385-5,www.nature.com,7.03,7.79,5.86,4.82,7.97
Walking the talk: voluntary actions on marine protected areas on the high seas - npj Ocean Sustainability,https://www.nature.com/articles/s44183-026-00181-6,www.nature.com,6.34,6.87,6.55,4.13,7.15
Preferential play - Nature Physics,https://www.nature.com/articles/s41567-025-03162-7,www.nature.com,6.75,6.23,5.87,4.67,7.14
CD73 overexpression in ADSCs accelerates bladder repair by regulating the NFκB/NLRP3/caspase-1 signaling axis in neurogenic bladder rats - npj Regenerative Medicine,https://www.nature.com/articles/s41536-026-00454-1,www.nature.com,5.05,6.57,4.46,5.06,7.68
Stress-testing the cascading economic impacts of urban flooding across 306 Chinese cities - Nature Cities,https://www.nature.com/articles/s44284-025-00372-1,www.nature.com,6.52,6.7,6.5,4.6,7.06
Models translate lake mud into useful climate variables - Nature Reviews Earth & Environment,https://www.nature.com/articles/s43017-025-00733-3,www.nature.com,4.74,6.04,4.47,6.55,6.16
Sustainability of gap funding programs aimed at commercializing academic innovation - Nature Biotechnology,https://www.nature.com/articles/s41587-025-02972-7,www.nature.com,7.37,6.55,5.57,4.81,7.5
Pure tone auditory thresholds and their association with cognition in the Canadian Longitudinal Study on Aging - Scientific Reports,https://www.nature.com/articles/s41598-026-36979-0,www.nature.com,6.58,6.78,5.53,5.49,7.2
Chemical whispers hidden in the plant and microbiota kingdoms - Nature Reviews Microbiology,https://www.nature.com/articles/s41579-026-01278-y,www.nature.com,7.33,6.45,5.39,6.11,7.22
OTX2 inhibits human pluripotent stem cell reprogramming toward 8-cell-like and morula-like states - Nature Communications,https://www.nature.com/articles/s41467-026-68388-2,www.nature.com,5.06,6.54,4.91,4.4,7.57
The visionary physicist who gave us a new way to view the cosmos,https://www.nature.com/articles/d41586-025-03840-9,www.nature.com,7.37,6.69,5.54,6.16,7.09
Policy levers for household efficiency: an evolutionary game analysis of multigenerational living and healthcare access - Humanities and Social Sciences Communications,https://www.nature.com/articles/s41599-025-06404-4,www.nature.com,6.96,6.84,5.9,4.59,7.65
Long term water quality improvements associated with the restored Prairie Creek wetlands in Ohio’s Grand Lake St. Marys Watershed - Scientific Reports,https://www.nature.com/articles/s41598-025-34212-y,www.nature.com,4.84,6.58,4.93,4.97,7.28
Level the slopes - Nature Physics,https://www.nature.com/articles/s41567-025-03147-6,www.nature.com,6.44,6.51,5.93,5.92,5.76
Artificial Intelligence and the limits of reason: a framework for responsible use in public and private sectors - Humanities and Social Sciences Communications,https://www.nature.com/articles/s41599-025-05749-0,www.nature.com,7.49,6.58,5.84,4.48,6.46
Building the world’s first truly global medical foundation model - Nature Medicine,https://www.nature.com/articles/s41591-025-03859-5,www.nature.com,7.74,6.86,5.74,4.33,7.61
Flipping the narrative on launching a rewarding career in academic medicine - Nature Cancer,https://www.nature.com/articles/s43018-025-01076-0,www.nature.com,7.6,7.28,5.91,4.11,7.69
Home-field advantage: how local research leads to new discoveries,https://www.nature.com/articles/d41586-025-03980-y,www.nature.com,7.19,7.12,6.39,5.01,6.43
Symbiotic transcatheter pacemaker for lifelong energy regeneration and therapeutic function in porcine disease model - Nature Biomedical Engineering,https://www.nature.com/articles/s41551-025-01604-4,www.nature.com,6.6,6.27,6.49,5.17,7.47
Mapping Europe’s rooftop photovoltaic potential with a building-level database - Nature Energy,https://www.nature.com/articles/s41560-025-01947-x,www.nature.com,7.17,7.63,6.03,5.89,7.59
Metal surface-triggered DNAzyme catalysis for efficient DNA cleavage - Communications Chemistry,https://www.nature.com/articles/s42004-026-01893-z,www.nature.com,6.87,6.42,6.28,3.82,5.86
Thrombospondin 1 and 2 regulate mesenchymal progenitor cell fate and matrix organization - Bone Research,https://www.nature.com/articles/s41413-025-00493-2,www.nature.com,6.68,7.06,5.43,5.14,7.25
Stronger institutional performance correlates with ecological effectiveness - Communications Sustainability,https://www.nature.com/articles/s44458-025-00006-6,www.nature.com,6.63,6.47,6.55,4.47,7.19
Non-traditional fluorescence in quadruple hydrogen bonded supramolecular polymers - Nature Communications,https://www.nature.com/articles/s41467-025-67128-2,www.nature.com,7.29,6.99,6.29,3.74,5.9
"Safeguarding, strengthening and expanding river protections for nature and people - Nature Sustainability",https://www.nature.com/articles/s41893-025-01722-6,www.nature.com,6.45,6.89,6.88,4.87,7.1
Chronic pain could be eased by uncoupling the sensory and emotional experiences,https://www.nature.com/articles/d41586-025-03987-5,www.nature.com,7.07,7.48,6.41,3.93,7.65
"Cell Death Disease turns 15: legacy of service, horizon of challenges - Cell Death & Disease",https://www.nature.com/articles/s41419-025-08325-1,www.nature.com,6.87,6.6,5.92,4.45,7.76
Economic inequality does not equate to poor well-being or mental health,https://www.nature.com/articles/d41586-025-03833-8,www.nature.com,7.45,7.16,5.16,4.52,7.28
Dietary thiaminase alters morphology and decreases swimming performance of lake trout (Salvelinus namaycush) - Scientific Reports,https://www.nature.com/articles/s41598-026-35139-8,www.nature.com,6.26,5.96,5.63,5.98,7.15
Mapping the disease interactome - Nature Reviews Genetics,https://www.nature.com/articles/s41576-025-00922-2,www.nature.com,6.91,6.86,6.0,5.86,6.71
Digital restoration and feature recognition of a Qing-Dynasty vernacular dwelling based on multimodal data fusion - Scientific Reports,https://www.nature.com/articles/s41598-025-31544-7,www.nature.com,6.63,6.46,5.89,6.31,7.33
Digitalization and institutional quality as drivers of global value chains: evidence from ASEAN using CS-ARDL Analysis - Humanities and Social Sciences Communications,https://www.nature.com/articles/s41599-025-06421-3,www.nature.com,6.49,6.86,6.3,4.09,6.98
A Public Image Dataset for Surface Defect Detection of Water-Based Coated Wood Products - Scientific Data,https://www.nature.com/articles/s41597-025-06443-1,www.nature.com,6.73,6.73,6.26,6.04,7.24
Targeting metabolic vulnerabilities: REV-ERB agonist SR9009 potentiates sorafenib efficacy in liver cancer - Cell Death Discovery,https://www.nature.com/articles/s41420-026-02940-3,www.nature.com,6.84,6.18,5.71,3.98,7.55
Cholangiocarcinoma derived exosomes attenuate the anti-tumor functions of NK cells - Scientific Reports,https://www.nature.com/articles/s41598-026-36706-9,www.nature.com,6.97,7.49,6.42,5.58,5.59
Ancient DNA and isotope data reflect social diversity in an Eastern Zhou cemetery - Nature Human Behaviour,https://www.nature.com/articles/s41562-025-02364-6,www.nature.com,6.77,6.54,6.6,4.94,7.36
Multi-omic analysis of human PHACTR1 signaling networks - Communications Biology,https://www.nature.com/articles/s42003-026-09542-w,www.nature.com,6.79,6.9,5.53,4.37,7.48
"Synthesis, characterisation and evaluation of polyethylene glycol–β-cyclodextrin–curcumin–zinc oxide nanoparticles for mosquitocidal, antibacterial and anticancer applications - Scientific Reports",https://www.nature.com/articles/s41598-025-32059-x,www.nature.com,6.94,7.46,5.96,5.31,7.93
The microbiome at the centre of NAD+ supplementation - Nature Metabolism,https://www.nature.com/articles/s42255-025-01438-z,www.nature.com,7.27,5.73,5.34,4.19,7.3
Renewable integration and AI demand reshaped power grids in 2025 - Nature Reviews Clean Technology,https://www.nature.com/articles/s44359-025-00136-z,www.nature.com,7.11,6.38,5.92,4.63,7.72
Preventive hepatology for MASLD in the MENA region: reframing care from late-stage treatment to early intervention - Nature Reviews Gastroenterology & Hepatology,https://www.nature.com/articles/s41575-025-01167-4,www.nature.com,4.62,5.63,4.37,5.01,5.7
Should the Loch Ness Monster have a scientific name?,https://www.nature.com/articles/d41586-025-03991-9,www.nature.com,6.57,5.39,5.53,6.38,5.7
Constructing lithium-exclusive pathways in LiFePO4 electrodes - Nature Water,https://www.nature.com/articles/s44221-025-00550-4,www.nature.com,6.81,5.61,5.81,4.36,7.3
Writing the CRBN degron - Nature Chemical Biology,https://www.nature.com/articles/s41589-025-02112-x,www.nature.com,6.47,6.98,4.98,4.75,7.34
Reducibility of higher-order networks from dynamics - Nature Communications,https://www.nature.com/articles/s41467-025-68273-4,www.nature.com,7.13,6.43,6.37,5.77,7.29
Rivers accelerate and slow as temperatures rise - Nature Climate Change,https://www.nature.com/articles/s41558-025-02508-6,www.nature.com,6.29,6.27,5.0,5.18,5.9
SoilTech innovations for sustainable soil and food security - Nature Reviews Bioengineering,https://www.nature.com/articles/s44222-025-00399-y,www.nature.com,6.64,6.23,6.55,5.05,7.04
Climate and traits drive bark decomposition patterns at global scale - Nature Communications,https://www.nature.com/articles/s41467-025-68249-4,www.nature.com,4.6,5.95,4.94,6.42,7.15
Enhancing soil citrulline degrading function to mitigate soil-borne Fusarium wilt - Nature Communications,https://www.nature.com/articles/s41467-026-68606-x,www.nature.com,6.46,6.78,6.81,4.79,5.53
Applications of AI in urology - Nature Reviews Urology,https://www.nature.com/articles/s41585-025-01120-9,www.nature.com,7.6,6.47,5.31,4.59,7.82
Real-time measurement of the mitochondrial membrane potential in the intact mouse heart - Nature Cardiovascular Research,https://www.nature.com/articles/s44161-025-00767-2,www.nature.com,6.61,6.5,5.88,4.18,6.26
Bacteria may not be good at chemotaxis - Nature Physics,https://www.nature.com/articles/s41567-025-03103-4,www.nature.com,7.1,5.54,5.54,4.55,7.48
GPR110 as a regulator of MASH - Nature Reviews Endocrinology,https://www.nature.com/articles/s41574-026-01231-2,www.nature.com,4.86,5.95,5.06,6.27,6.0
2023-2024 El Niño amplifies record sea level surges in African marine domains - Communications Earth & Environment,https://www.nature.com/articles/s43247-026-03204-9,www.nature.com,4.75,6.36,4.32,5.24,7.04
Spontaneous vortex formation in rotating fluids - Nature Reviews Physics,https://www.nature.com/articles/s42254-025-00901-w,www.nature.com,6.68,6.06,6.02,4.97,7.37
On the use and misuse of pangenome and related terms - Nature Communications,https://www.nature.com/articles/s41467-026-68624-9,www.nature.com,5.11,5.73,4.39,4.75,7.13
Enhancing healthcare workers’ safety and well-being through a comprehensive qualitative analysis across hospital settings - Scientific Reports,https://www.nature.com/articles/s41598-026-35681-5,www.nature.com,6.58,6.44,5.44,4.72,6.24
Updated global prevalence and ethnic diversity of von Willebrand disease based on population genetics analysis - Scientific Reports,https://www.nature.com/articles/s41598-026-36145-6,www.nature.com,6.43,7.63,6.45,4.85,6.48
Towards a unified framework for measuring sustainable and inclusive wellbeing in the EU - Humanities and Social Sciences Communications,https://www.nature.com/articles/s41599-025-06401-7,www.nature.com,6.72,6.3,6.2,4.62,7.29
Concert formats influence how audiences experience live classical music - Humanities and Social Sciences Communications,https://www.nature.com/articles/s41599-025-06461-9,www.nature.com,6.35,5.54,5.81,6.52,7.31
RNA polyadenylation altered by TDP43 loss of function - Nature Reviews Neurology,https://www.nature.com/articles/s41582-025-01178-4,www.nature.com,6.75,6.66,5.78,5.96,7.39
High-frequency ultrasonography in quantifying paraspinal muscle remodeling after Schroth therapy for adolescent idiopathic scoliosis: a retrospective observational study - Scientific Reports,https://www.nature.com/articles/s41598-026-36567-2,www.nature.com,6.21,5.46,5.72,4.39,5.91
SME-TEAM: leveraging trust and ethics for secure and responsible use of AI and LLMs in SMEs - npj Artificial Intelligence,https://www.nature.com/articles/s44387-025-00065-z,www.nature.com,6.87,6.83,4.96,6.54,5.73
How data science competitions accelerate brain health discovery - Nature Mental Health,https://www.nature.com/articles/s44220-025-00574-5,www.nature.com,7.16,6.47,4.71,4.18,7.68
Glycolytic heterogeneity drives metabolic-targeted therapy in pancreatic ductal adenocarcinoma - Signal Transduction and Targeted Therapy,https://www.nature.com/articles/s41392-025-02546-8,www.nature.com,5.1,6.99,4.76,6.03,7.57
The perils of military policing - Nature Human Behaviour,https://www.nature.com/articles/s41562-023-01606-9,www.nature.com,6.86,6.49,6.27,4.48,7.36
"Evaluation and optimization of spatial equity in elderly care facilities: a case study of Dalian, China - Humanities and Social Sciences Communications",https://www.nature.com/articles/s41599-025-06468-2,www.nature.com,7.0,7.2,6.9,4.56,6.99
Kymata Soto Language Dataset: an electro-magnetoencephalographic dataset for natural speech processing - Scientific Data,https://www.nature.com/articles/s41597-026-06579-8,www.nature.com,6.86,6.49,5.47,4.2,7.19
Ecological stoichiometry characteristics and influencing factors of the source reservoir in the middle route of the South-to-North Water Diversion Project - Scientific Reports,https://www.nature.com/articles/s41598-026-35588-1,www.nature.com,4.68,5.69,4.91,4.92,7.08
Levers for equitable material use - Nature Sustainability,https://www.nature.com/articles/s41893-025-01730-6,www.nature.com,6.52,6.69,6.59,4.53,7.27
Glycophagy is an ancient bilaterian pathway supporting metabolic adaptation through STBD1 structural evolution - Communications Biology,https://www.nature.com/articles/s42003-026-09546-6,www.nature.com,5.01,7.06,4.93,5.92,7.23
Immunologically distinct long COVID after mild acute disease - Nature Immunology,https://www.nature.com/articles/s41590-025-02399-x,www.nature.com,6.64,7.28,5.88,4.11,7.29
Rethinking early warning systems for the health effects of extreme heat - Nature Health,https://www.nature.com/articles/s44360-025-00004-x,www.nature.com,5.7,6.5,5.27,4.91,7.54
From one exoplanet to six thousand - Nature Astronomy,https://www.nature.com/articles/s41550-025-02734-0,www.nature.com,6.63,7.74,6.41,4.84,5.53
Cross-cultural structures of personal name systems reflect general communicative principles - Nature Communications,https://www.nature.com/articles/s41467-025-67079-8,www.nature.com,6.22,6.17,6.09,5.07,6.87
AI and AR based digital reconstruction of Liangshan Yi lacquerware - Scientific Reports,https://www.nature.com/articles/s41598-026-35772-3,www.nature.com,6.49,6.34,5.36,6.12,7.15
A practical Bayesian method for gravitational-wave ringdown analysis with multiple modes - Nature Astronomy,https://www.nature.com/articles/s41550-025-02766-6,www.nature.com,5.94,6.96,4.97,4.55,7.06
Musical stimulation in lactating sows affects pre-weaning piglet mortality and maternal behavior - Scientific Reports,https://www.nature.com/articles/s41598-025-34051-x,www.nature.com,6.72,5.38,5.0,5.17,7.03
PIONEARing how DNA sequence composition tunes TF–nucleosome interactions - Nature Reviews Molecular Cell Biology,https://www.nature.com/articles/s41580-026-00946-4,www.nature.com,6.77,7.16,6.15,4.63,6.08
Second best underestimates of malnutrition in an era of multiplying food crises - Nature Food,https://www.nature.com/articles/s43016-025-01274-0,www.nature.com,4.51,4.81,3.96,4.89,7.23
Expanding the payload scope in antibody-drug conjugates by delivery of hydroxy-containing drugs through self-immolative phosphoramidates - Nature Communications,https://www.nature.com/articles/s41467-026-68605-y,www.nature.com,7.57,6.58,5.7,3.76,7.14
"Domain adaptation, self-supervision, and generative augmentation enhance GNNs for breast cancer prediction - Scientific Reports",https://www.nature.com/articles/s41598-025-32924-9,www.nature.com,7.47,6.47,5.08,5.62,7.81
A method for planning cycling networks in traditional village contiguous areas using Wi-Fi probe-based attractiveness evaluation - Scientific Reports,https://www.nature.com/articles/s41598-026-36085-1,www.nature.com,6.4,5.57,6.54,5.77,7.33
Energy demand and decarbonization in 2025 and beyond - Nature Reviews Clean Technology,https://www.nature.com/articles/s44359-025-00139-w,www.nature.com,6.94,7.54,6.09,4.85,7.6
The rise of spatial insights into tumour tissue architecture - Nature Reviews Cancer,https://www.nature.com/articles/s41568-026-00906-2,www.nature.com,7.38,7.3,5.51,4.67,7.77
Digging for perfection: discourse of deformity in Richard III’s excavation - Humanities and Social Sciences Communications,https://www.nature.com/articles/palcomms201646,www.nature.com,6.42,6.06,6.21,4.56,7.04
Consensus-based reporting guideline for participatory development and evaluation of digital health interventions - npj Digital Medicine,https://www.nature.com/articles/s41746-026-02355-5,www.nature.com,6.86,5.41,5.78,5.61,7.48
The importance of radical transparency for responsible carbon dioxide removal - npj Climate Action,https://www.nature.com/articles/s44168-025-00324-4,www.nature.com,4.69,6.21,5.33,5.98,6.36
AI-driven weather forecasts for climate adaptation in India - Nature Climate Change,https://www.nature.com/articles/s41558-025-02521-9,www.nature.com,7.21,5.72,5.39,5.74,7.17
A low-toxicity linezolid analog has potential for use in all patients with tuberculosis - Nature Medicine,https://www.nature.com/articles/s41591-025-04188-3,www.nature.com,6.76,7.18,5.52,5.27,7.65
A quiet revolution is turning the waste crisis into opportunity - Nature Human Behaviour,https://www.nature.com/articles/s41562-025-02342-y,www.nature.com,6.4,6.07,6.54,4.53,6.39
The Multi-Sensor and Multi-Temporal Dataset of Multiple Crops for In-Field Phenotyping and Monitoring - Scientific Data,https://www.nature.com/articles/s41597-025-06462-y,www.nature.com,6.87,7.04,5.63,4.76,6.97
Policymakers and academics envision energy demand reductions beyond typical policies in the United Kingdom - Nature Energy,https://www.nature.com/articles/s41560-025-01897-4,www.nature.com,4.44,6.55,5.19,5.02,7.59
Where to after COVID-19? Systems thinking for a human-centred approach to pandemics - Humanities and Social Sciences Communications,https://www.nature.com/articles/s41599-024-03246-4,www.nature.com,6.78,6.59,6.02,5.72,7.3
Tumour explants as next-generation models of cancer - Nature Reviews Cancer,https://www.nature.com/articles/s41568-026-00907-1,www.nature.com,7.64,7.17,6.12,5.35,7.63
Mentoring the future of neonatology: program director advice for fellowship applicants and their advisors - Journal of Perinatology,https://www.nature.com/articles/s41372-025-02426-7,www.nature.com,7.38,7.09,6.6,3.96,5.9
Humanoid robots step up their game: how useful are the latest droids?,https://www.nature.com/articles/d41586-026-00164-0,www.nature.com,7.17,5.11,5.82,4.33,7.59
Towards a framework for a new research ecosystem - Humanities and Social Sciences Communications,https://www.nature.com/articles/s41599-025-05281-1,www.nature.com,7.32,7.25,5.86,4.17,7.51
"Configurational effects of personal innovativeness, self-efficacy, and perceived risk on AI adoption in media students - Scientific Reports",https://www.nature.com/articles/s41598-026-36538-7,www.nature.com,7.41,6.2,5.51,6.37,6.39
LLM use in scholarly writing poses a provenance problem - Nature Machine Intelligence,https://www.nature.com/articles/s42256-025-01159-8,www.nature.com,6.48,6.32,5.85,4.94,6.28
Serum biomarker enables diagnosis and monitoring of idiopathic pulmonary arterial hypertension - Nature Medicine,https://www.nature.com/articles/s41591-025-04135-2,www.nature.com,6.48,7.33,5.98,4.35,7.36
